generation,population
0,8191
1,8195
2,8168
3,8146
4,8202
5,8235
6,8283
7,8326
8,8336
9,8337
10,8350
11,8348
12,8347
13,8395
14,8420
15,8479
16,8421
17,8450
18,8503
19,8508
20,8456
21,8473
22,8514
23,8480
24,8497
25,8479
26,8466
27,8436
28,8475
29,8483
30,8462
31,8434
32,8458
33,8453
34,8444
35,8373
36,8404
37,8443
38,8414
39,8410
40,8415
41,8463
42,8440
43,8426
44,8462
45,8502
46,8528
47,8498
48,8425
49,8480
50,8534
51,8559
52,8641
53,8646
54,8699
55,8687
56,8727
57,8655
58,8616
59,8617
60,8665
61,8655
62,8597
63,8579
64,8660
65,8715
66,8813
67,8840
68,8856
69,8865
70,8878
71,8915
72,8979
73,8993
74,9044
75,9106
76,9148
77,9170
78,9196
79,9162
80,9182
81,9233
82,9180
83,9163
84,9125
85,9105
86,9149
87,9144
88,9083
89,9095
90,9124
91,9111
92,9080
93,9117
94,9082
95,9122
96,9108
97,9085
98,9105
99,9115
100,9045
101,9063
102,9038
103,9022
104,8993
105,8948
106,8950
107,8885
108,8867
109,8920
110,8874
111,8901
112,8928
113,8987
114,8974
115,8978
116,8997
117,9001
118,9023
119,9013
120,8960
121,8967
122,8939
123,8944
124,8986
125,8994
126,9001
127,8994
128,8969
129,8940
130,8921
131,8929
132,8957
133,8951
134,8928
135,8949
136,8974
137,9009
138,8996
139,9008
140,9044
141,9053
142,9106
143,9138
144,9166
145,9208
146,9227
147,9237
148,9220
149,9200
150,9214
151,9229
152,9261
153,9253
154,9211
155,9185
156,9214
157,9230
158,9262
159,9281
160,9291
161,9287
162,9278
163,9291
164,9313
165,9320
166,9360
167,9387
168,9396
169,9410
170,9388
171,9367
172,9393
173,9377
174,9396
175,9381
176,9389
177,9407
178,9406
179,9383
180,9388
181,9383
182,9382
183,9388
184,9402
185,9415
186,9406
187,9431
188,9425
189,9394
190,9385
191,9378
192,9416
193,9440
194,9487
195,9526
196,9552
197,9571
198,9567
199,9564
200,9534
201,9478
202,9451
203,9433
204,9458
205,9452
206,9451
207,9475
208,9497
209,9506
210,9510
211,9496
212,9494
213,9470
214,9472
215,9492
216,9538
217,9577
218,9576
219,9553
220,9551
221,9533
222,9547
223,9535
224,9524
225,9478
226,9457
227,9483
228,9486
229,9511
230,9523
231,9544
232,9546
233,9552
234,9547
235,9539
236,9545
237,9568
238,9573
239,9580
240,9592
241,9570
242,9522
243,9482
244,9470
245,9456
246,9449
247,9455
248,9471
249,9479
250,9455
251,9473
252,9469
253,9475
254,9471
255,9443
256,9425
257,9409
258,9412
259,9382
260,9396
261,9398
262,9409
263,9413
264,9436
265,9456
266,9439
267,9445
268,9450
269,9464
270,9441
271,9446
272,9420
273,9419
274,9443
275,9464
276,9430
277,9426
278,9413
279,9466
280,9487
281,9451
282,9457
283,9442
284,9422
285,9393
286,9400
287,9413
288,9422
289,9450
290,9448
291,9454
292,9418
293,9430
294,9453
295,9447
296,9447
297,9434
298,9424
299,9430
300,9432
301,9455
302,9461
303,9475
304,9482
305,9467
306,9492
307,9497
308,9484
309,9480
310,9483
311,9488
312,9505
313,9518
314,9513
315,9537
316,9554
317,9577
318,9598
319,9623
320,9600
321,9601
322,9601
323,9623
324,9641
325,9642
326,9639
327,9637
328,9633
329,9618
330,9618
331,9628
332,9635
333,9643
334,9647
335,9623
336,9602
337,9606
338,9582
339,9594
340,9600
341,9606
342,9597
343,9606
344,9601
345,9603
346,9612
347,9618
348,9612
349,9593
350,9578
351,9565
352,9536
353,9523
354,9512
355,9535
356,9543
357,9556
358,9551
359,9547
360,9542
361,9549
362,9555
363,9567
364,9605
365,9605
366,9589
367,9593
368,9630
369,9642
370,9658
371,9703
372,9714
373,9691
374,9687
375,9702
376,9672
377,9630
378,9612
379,9624
380,9628
381,9637
382,9620
383,9617
384,9625
385,9623
386,9636
387,9653
388,9641
389,9629
390,9603
391,9594
392,9602
393,9573
394,9560
395,9545
396,9524
397,9514
398,9503
399,9507
400,9491
401,9487
402,9489
403,9500
404,9477
405,9467
406,9487
407,9488
408,9495
409,9481
410,9485
411,9472
412,9477
413,9467
414,9445
415,9444
416,9421
417,9394
418,9402
419,9385
420,9403
421,9414
422,9406
423,9423
424,9425
425,9424
426,9422
427,9418
428,9427
429,9434
430,9421
431,9441
432,9444
433,9447
434,9440
435,9471
436,9474
437,9462
438,9458
439,9426
440,9414
441,9413
442,9410
443,9435
444,9445
445,9461
446,9433
447,9448
448,9459
449,9474
450,9490
451,9506
452,9522
453,9531
454,9556
455,9548
456,9532
457,9517
458,9486
459,9498
460,9502
461,9486
462,9477
463,9498
464,9512
465,9524
466,9529
467,9553
468,9552
469,9566
470,9598
471,9608
472,9615
473,9607
474,9593
475,9589
476,9581
477,9585
478,9567
479,9583
480,9592
481,9589
482,9600
483,9628
484,9650
485,9671
486,9667
487,9665
488,9666
489,9640
490,9630
491,9641
492,9652
493,9648
494,9617
495,9630
496,9630
497,9626
498,9648
499,9656
500,9637
501,9637
502,9635
503,9642
504,9634
505,9649
506,9648
507,9644
508,9644
509,9643
510,9647
511,9653
512,9679
513,9725
514,9732
515,9743
516,9735
517,9751
518,9749
519,9769
520,9772
521,9774
522,9747
523,9753
524,9757
525,9774
526,9751
527,9736
528,9758
529,9773
530,9775
531,9775
532,9777
533,9760
534,9744
535,9741
536,9710
537,9709
538,9719
539,9714
540,9690
541,9708
542,9694
543,9698
544,9700
545,9695
546,9707
547,9719
548,9758
549,9802
550,9806
551,9805
552,9812
553,9810
554,9815
555,9838
556,9836
557,9793
558,9761
559,9742
560,9714
561,9709
562,9721
563,9744
564,9756
565,9745
566,9761
567,9768
568,9780
569,9787
570,9790
571,9791
572,9797
573,9786
574,9763
575,9760
576,9765
577,9780
578,9794
579,9804
580,9789
581,9769
582,9755
583,9771
584,9788
585,9779
586,9771
587,9784
588,9808
589,9836
590,9868
591,9868
592,9867
593,9849
594,9826
595,9808
596,9808
597,9814
598,9816
599,9799
600,9800
601,9807
602,9794
603,9781
604,9776
605,9770
606,9772
607,9782
608,9793
609,9793
610,9782
611,9773
612,9771
613,9747
614,9734
615,9736
616,9744
617,9733
618,9739
619,9738
620,9760
621,9772
622,9771
623,9768
624,9754
625,9746
626,9731
627,9729
628,9756
629,9752
630,9754
631,9764
632,9786
633,9773
634,9767
635,9790
636,9806
637,9809
638,9790
639,9779
640,9758
641,9766
642,9777
643,9763
644,9765
645,9736
646,9720
647,9719
648,9713
649,9701
650,9682
651,9683
652,9694
653,9699
654,9706
655,9720
656,9730
657,9741
658,9740
659,9758
660,9781
661,9802
662,9803
663,9819
664,9797
665,9787
666,9768
667,9770
668,9785
669,9791
670,9792
671,9796
672,9787
673,9784
674,9791
675,9825
676,9852
677,9861
678,9879
679,9867
680,9882
681,9874
682,9873
683,9870
684,9871
685,9874
686,9884
687,9881
688,9880
689,9863
690,9872
691,9870
692,9875
693,9882
694,9862
695,9867
696,9858
697,9865
698,9883
699,9886
700,9881
701,9867
702,9844
703,9831
704,9818
705,9832
706,9836
707,9821
708,9823
709,9833
710,9836
711,9851
712,9830
713,9838
714,9855
715,9860
716,9841
717,9827
718,9821
719,9825
720,9846
721,9864
722,9880
723,9881
724,9887
725,9894
726,9882
727,9900
728,9904
729,9893
730,9893
731,9897
732,9895
733,9902
734,9912
735,9912
736,9930
737,9925
738,9923
739,9910
740,9907
741,9900
742,9900
743,9902
744,9906
745,9900
746,9893
747,9882
748,9847
749,9839
750,9827
751,9825
752,9832
753,9828
754,9813
755,9803
756,9817
757,9842
758,9844
759,9859
760,9884
761,9902
762,9898
763,9904
764,9916
765,9920
766,9901
767,9884
768,9890
769,9891
770,9864
771,9880
772,9887
773,9879
774,9900
775,9909
776,9910
777,9917
778,9907
779,9892
780,9882
781,9876
782,9873
783,9865
784,9863
785,9860
786,9862
787,9862
788,9846
789,9855
790,9845
791,9838
792,9830
793,9811
794,9814
795,9810
796,9801
797,9807
798,9804
799,9825
800,9843
801,9869
802,9894
803,9909
804,9914
805,9894
806,9912
807,9920
808,9908
809,9917
810,9926
811,9921
812,9931
813,9931
814,9930
815,9936
816,9948
817,9951
818,9953
819,9947
820,9932
821,9916
822,9911
823,9902
824,9898
825,9897
826,9872
827,9877
828,9903
829,9900
830,9899
831,9893
832,9918
833,9948
834,9939
835,9952
836,9955
837,9946
838,9945
839,9933
840,9956
841,9936
842,9906
843,9872
844,9858
845,9851
846,9860
847,9861
848,9836
849,9835
850,9838
851,9845
852,9835
853,9813
854,9817
855,9826
856,9826
857,9828
858,9829
859,9846
860,9871
861,9892
862,9889
863,9886
864,9892
865,9899
866,9896
867,9897
868,9897
869,9925
870,9946
871,9949
872,9965
873,9980
874,9976
875,9981
876,9987
877,9995
878,9993
879,10018
880,10010
881,10015
882,10026
883,10039
884,10045
885,10030
886,10033
887,10045
888,10062
889,10062
890,10071
891,10072
892,10072
893,10077
894,10081
895,10110
896,10114
897,10135
898,10121
899,10121
900,10120
901,10115
902,10120
903,10130
904,10127
905,10120
906,10120
907,10149
908,10144
909,10133
910,10143
911,10152
912,10166
913,10162
914,10169
915,10177
916,10166
917,10156
918,10160
919,10155
920,10177
921,10177
922,10167
923,10174
924,10188
925,10191
926,10209
927,10217
928,10215
929,10207
930,10203
931,10216
932,10219
933,10217
934,10235
935,10261
936,10266
937,10274
938,10282
939,10293
940,10304
941,10296
942,10301
943,10302
944,10307
945,10308
946,10311
947,10318
948,10348
949,10352
950,10349
951,10360
952,10348
953,10334
954,10330
955,10340
956,10352
957,10344
958,10345
959,10358
960,10361
961,10354
962,10356
963,10382
964,10368
965,10376
966,10381
967,10403
968,10386
969,10393
970,10387
971,10397
972,10416
973,10421
974,10416
975,10412
976,10414
977,10415
978,10414
979,10422
980,10424
981,10415
982,10405
983,10411
984,10442
985,10430
986,10430
987,10433
988,10433
989,10422
990,10400
991,10393
992,10379
993,10351
994,10353
995,10358
996,10376
997,10384
998,10408
999,10428
1000,10412
1001,10397
1002,10423
1003,10429
1004,10437
1005,10446
1006,10443
1007,10430
1008,10444
1009,10439
1010,10456
1011,10471
1012,10477
1013,10500
1014,10516
1015,10538
1016,10545
1017,10566
1018,10552
1019,10567
1020,10585
1021,10587
1022,10579
1023,10564
1024,10564
1025,10545
1026,10547
1027,10571
1028,10581
1029,10595
1030,10605
1031,10600
1032,10643
1033,10642
1034,10639
1035,10645
1036,10634
1037,10636
1038,10632
1039,10601
1040,10593
1041,10587
1042,10575
1043,10566
1044,10565
1045,10571
1046,10570
1047,10556
1048,10560
1049,10547
1050,10545
1051,10545
1052,10553
1053,10544
1054,10531
1055,10547
1056,10553
1057,10553
1058,10550
1059,10526
1060,10501
1061,10485
1062,10475
1063,10455
1064,10451
1065,10458
1066,10461
1067,10437
1068,10422
1069,10397
1070,10393
1071,10406
1072,10416
1073,10408
1074,10393
1075,10389
1076,10403
1077,10391
1078,10383
1079,10355
1080,10345
1081,10323
1082,10326
1083,10318
1084,10309
1085,10295
1086,10297
1087,10285
1088,10293
1089,10313
1090,10311
1091,10312
1092,10313
1093,10300
1094,10296
1095,10293
1096,10287
1097,10296
1098,10304
1099,10308
1100,10300
1101,10276
1102,10270
1103,10244
1104,10243
1105,10240
1106,10250
1107,10255
1108,10262
1109,10261
1110,10262
1111,10262
1112,10267
1113,10268
1114,10269
1115,10291
1116,10281
1117,10276
1118,10266
1119,10281
1120,10278
1121,10286
1122,10292
1123,10291
1124,10283
1125,10276
1126,10263
1127,10273
1128,10258
1129,10226
1130,10232
1131,10235
1132,10245
1133,10255
1134,10259
1135,10250
1136,10260
1137,10291
1138,10300
1139,10301
1140,10306
1141,10288
1142,10291
1143,10295
1144,10301
1145,10304
1146,10307
1147,10284
1148,10279
1149,10266
1150,10262
1151,10264
1152,10271
1153,10275
1154,10287
1155,10290
1156,10309
1157,10306
1158,10300
1159,10309
1160,10321
1161,10301
1162,10306
1163,10320
1164,10330
1165,10334
1166,10343
1167,10340
1168,10316
1169,10325
1170,10335
1171,10346
1172,10350
1173,10339
1174,10359
1175,10374
1176,10371
1177,10377
1178,10380
1179,10386
1180,10404
1181,10410
1182,10433
1183,10461
1184,10474
1185,10473
1186,10484
1187,10489
1188,10506
1189,10523
1190,10534
1191,10523
1192,10518
1193,10502
1194,10511
1195,10498
1196,10491
1197,10509
1198,10526
1199,10515
1200,10531
1201,10523
1202,10513
1203,10522
1204,10509
1205,10525
1206,10545
1207,10560
1208,10573
1209,10571
1210,10573
1211,10575
1212,10566
1213,10540
1214,10529
1215,10530
1216,10510
1217,10489
1218,10472
1219,10462
1220,10488
1221,10482
1222,10486
1223,10491
1224,10493
1225,10478
1226,10486
1227,10497
1228,10497
1229,10483
1230,10464
1231,10466
1232,10462
1233,10461
1234,10454
1235,10430
1236,10425
1237,10437
1238,10443
1239,10434
1240,10445
1241,10440
1242,10426
1243,10419
1244,10433
1245,10427
1246,10421
1247,10410
1248,10411
1249,10415
1250,10401
1251,10401
1252,10388
1253,10385
1254,10378
1255,10399
1256,10410
1257,10416
1258,10408
1259,10396
1260,10412
1261,10423
1262,10422
1263,10439
1264,10446
1265,10448
1266,10443
1267,10434
1268,10423
1269,10418
1270,10419
1271,10414
1272,10411
1273,10405
1274,10414
1275,10417
1276,10418
1277,10410
1278,10416
1279,10411
1280,10407
1281,10417
1282,10420
1283,10413
1284,10423
1285,10423
1286,10409
1287,10389
1288,10396
1289,10401
1290,10414
1291,10421
1292,10401
1293,10410
1294,10382
1295,10364
1296,10360
1297,10360
1298,10354
1299,10364
1300,10383
1301,10397
1302,10396
1303,10391
1304,10427
1305,10438
1306,10459
1307,10460
1308,10450
1309,10449
1310,10458
1311,10458
1312,10490
1313,10510
1314,10503
1315,10493
1316,10481
1317,10471
1318,10468
1319,10488
1320,10494
1321,10494
1322,10485
1323,10510
1324,10504
1325,10505
1326,10514
1327,10529
1328,10536
1329,10565
1330,10549
1331,10550
1332,10564
1333,10548
1334,10544
1335,10551
1336,10536
1337,10539
1338,10511
1339,10522
1340,10537
1341,10543
1342,10554
1343,10547
1344,10559
1345,10570
1346,10583
1347,10592
1348,10601
1349,10579
1350,10573
1351,10569
1352,10562
1353,10560
1354,10546
1355,10536
1356,10527
1357,10527
1358,10540
1359,10507
1360,10501
1361,10491
1362,10482
1363,10492
1364,10504
1365,10492
1366,10503
1367,10495
1368,10525
1369,10538
1370,10555
1371,10571
1372,10599
1373,10600
1374,10616
1375,10633
1376,10630
1377,10645
1378,10648
1379,10653
1380,10674
1381,10688
1382,10683
1383,10696
1384,10695
1385,10715
1386,10738
1387,10726
1388,10732
1389,10751
1390,10754
1391,10755
1392,10772
1393,10778
1394,10786
1395,10802
1396,10810
1397,10836
1398,10846
1399,10857
1400,10870
1401,10879
1402,10876
1403,10895
1404,10901
1405,10898
1406,10899
1407,10923
1408,10949
1409,10950
1410,10938
1411,10933
1412,10963
1413,10973
1414,10970
1415,10983
1416,10993
1417,10986
1418,10997
1419,10995
1420,10991
1421,10996
1422,10981
1423,10988
1424,11002
1425,10990
1426,10997
1427,10991
1428,10999
1429,11017
1430,11014
1431,11021
1432,11039
1433,11048
1434,11027
1435,11021
1436,11034
1437,11042
1438,11036
1439,11026
1440,11032
1441,11026
1442,11022
1443,11020
1444,11028
1445,11041
1446,11065
1447,11069
1448,11075
1449,11072
1450,11072
1451,11085
1452,11083
1453,11069
1454,11061
1455,11062
1456,11058
1457,11074
1458,11079
1459,11070
1460,11059
1461,11051
1462,11049
1463,11049
1464,11062
1465,11077
1466,11081
1467,11086
1468,11081
1469,11066
1470,11046
1471,11043
1472,11042
1473,11042
1474,11038
1475,11065
1476,11078
1477,11081
1478,11077
1479,11088
1480,11088
1481,11090
1482,11077
1483,11060
1484,11059
1485,11057
1486,11066
1487,11083
1488,11106
1489,11117
1490,11120
1491,11130
1492,11134
1493,11125
1494,11090
1495,11082
1496,11093
1497,11101
1498,11111
1499,11109
1500,11118
1501,11127
1502,11125
1503,11114
1504,11104
1505,11113
1506,11109
1507,11104
1508,11106
1509,11096
1510,11085
1511,11093
1512,11090
1513,11076
1514,11068
1515,11065
1516,11090
1517,11094
1518,11095
1519,11073
1520,11052
1521,11032
1522,11030
1523,11023
1524,11039
1525,11027
1526,11008
1527,11012
1528,10985
1529,10971
1530,10978
1531,11002
1532,11012
1533,11014
1534,11017
1535,10989
1536,10990
1537,10989
1538,10995
1539,11000
1540,11019
1541,11031
1542,11032
1543,11013
1544,11017
1545,11016
1546,11012
1547,11036
1548,11040
1549,11031
1550,11005
1551,11026
1552,11046
1553,11056
1554,11054
1555,11059
1556,11066
1557,11067
1558,11075
1559,11071
1560,11081
1561,11084
1562,11085
1563,11088
1564,11090
1565,11086
1566,11092
1567,11067
1568,11074
1569,11082
1570,11077
1571,11064
1572,11060
1573,11037
1574,11034
1575,11016
1576,11007
1577,11007
1578,10995
1579,10992
1580,10988
1581,10987
1582,10962
1583,10943
1584,10937
1585,10921
1586,10922
1587,10926
1588,10926
1589,10920
1590,10928
1591,10922
1592,10930
1593,10924
1594,10927
1595,10937
1596,10954
1597,10932
1598,10929
1599,10916
1600,10923
1601,10916
1602,10919
1603,10935
1604,10962
1605,10971
1606,10953
1607,10953
1608,10929
1609,10948
1610,10965
1611,10969
1612,10957
1613,10954
1614,10944
1615,10946
1616,10941
1617,10963
1618,10973
1619,10964
1620,10975
1621,10989
1622,11006
1623,11008
1624,10994
1625,10995
1626,10976
1627,10975
1628,10966
1629,10961
1630,10967
1631,10967
1632,10971
1633,10973
1634,10969
1635,10959
1636,10968
1637,10968
1638,10993
1639,11009
1640,11032
1641,11064
1642,11056
1643,11065
1644,11049
1645,11061
1646,11071
1647,11073
1648,11073
1649,11063
1650,11038
1651,11032
1652,11051
1653,11057
1654,11047
1655,11039
1656,11024
1657,11014
1658,11035
1659,11025
1660,11048
1661,11053
1662,11050
1663,11059
1664,11062
1665,11060
1666,11042
1667,11046
1668,11045
1669,11046
1670,11053
1671,11058
1672,11053
1673,11049
1674,11054
1675,11053
1676,11055
1677,11037
1678,11020
1679,11030
1680,11046
1681,11043
1682,11024
1683,11050
1684,11065
1685,11101
1686,11106
1687,11113
1688,11124
1689,11118
1690,11137
1691,11157
1692,11163
1693,11184
1694,11171
1695,11182
1696,11202
1697,11206
1698,11180
1699,11182
1700,11192
1701,11196
1702,11206
1703,11207
1704,11210
1705,11203
1706,11201
1707,11169
1708,11155
1709,11142
1710,11116
1711,11127
1712,11116
1713,11133
1714,11152
1715,11188
1716,11195
1717,11219
1718,11241
1719,11259
1720,11254
1721,11260
1722,11248
1723,11256
1724,11272
1725,11292
1726,11296
1727,11316
1728,11333
1729,11349
1730,11369
1731,11405
1732,11423
1733,11430
1734,11441
1735,11435
1736,11443
1737,11469
1738,11480
1739,11506
1740,11525
1741,11536
1742,11534
1743,11535
1744,11531
1745,11523
1746,11532
1747,11540
1748,11535
1749,11544
1750,11548
1751,11563
1752,11561
1753,11556
1754,11558
1755,11559
1756,11567
1757,11562
1758,11565
1759,11583
1760,11600
1761,11626
1762,11624
1763,11619
1764,11615
1765,11600
1766,11593
1767,11595
1768,11591
1769,11588
1770,11580
1771,11565
1772,11565
1773,11566
1774,11556
1775,11571
1776,11592
1777,11589
1778,11601
1779,11605
1780,11615
1781,11607
1782,11627
1783,11677
1784,11710
1785,11730
1786,11738
1787,11737
1788,11713
1789,11707
1790,11717
1791,11705
1792,11729
1793,11720
1794,11694
1795,11694
1796,11696
1797,11705
1798,11707
1799,11704
1800,11694
1801,11686
1802,11693
1803,11700
1804,11675
1805,11668
1806,11677
1807,11668
1808,11643
1809,11631
1810,11608
1811,11613
1812,11624
1813,11632
1814,11640
1815,11668
1816,11650
1817,11674
1818,11682
1819,11683
1820,11701
1821,11707
1822,11684
1823,11677
1824,11686
1825,11675
1826,11664
1827,11662
1828,11655
1829,11666
1830,11690
1831,11703
1832,11709
1833,11697
1834,11677
1835,11659
1836,11635
1837,11637
1838,11621
1839,11641
1840,11660
1841,11655
1842,11650
1843,11638
1844,11645
1845,11652
1846,11661
1847,11660
1848,11653
1849,11655
1850,11656
1851,11653
1852,11647
1853,11656
1854,11644
1855,11644
1856,11625
1857,11632
1858,11637
1859,11643
1860,11648
1861,11648
1862,11639
1863,11633
1864,11636
1865,11651
1866,11652
1867,11669
1868,11663
1869,11665
1870,11664
1871,11673
1872,11670
1873,11654
1874,11625
1875,11622
1876,11629
1877,11624
1878,11620
1879,11628
1880,11633
1881,11651
1882,11665
1883,11696
1884,11706
1885,11699
1886,11700
1887,11698
1888,11706
1889,11747
1890,11763
1891,11759
1892,11754
1893,11755
1894,11749
1895,11746
1896,11751
1897,11745
1898,11745
1899,11748
1900,11750
1901,11752
1902,11761
1903,11756
1904,11754
1905,11749
1906,11754
1907,11769
1908,11772
1909,11786
1910,11784
1911,11779
1912,11778
1913,11790
1914,11806
1915,11814
1916,11816
1917,11799
1918,11794
1919,11801
1920,11801
1921,11820
1922,11817
1923,11826
1924,11853
1925,11849
1926,11854
1927,11849
1928,11854
1929,11857
1930,11860
1931,11856
1932,11851
1933,11855
1934,11858
1935,11872
1936,11863
1937,11867
1938,11867
1939,11877
1940,11892
1941,11889
1942,11870
1943,11867
1944,11882
1945,11884
1946,11882
1947,11895
1948,11892
1949,11905
1950,11924
1951,11934
1952,11910
1953,11908
1954,11910
1955,11900
1956,11899
1957,11894
1958,11906
1959,11896
1960,11891
1961,11869
1962,11879
1963,11892
1964,11897
1965,11901
1966,11888
1967,11886
1968,11894
1969,11907
1970,11903
1971,11911
1972,11918
1973,11930
1974,11937
1975,11956
1976,11973
1977,12000
1978,12017
1979,12030
1980,12041
1981,12056
1982,12047
1983,12049
1984,12048
1985,12049
1986,12073
1987,12084
1988,12082
1989,12109
1990,12098
1991,12101
1992,12086
1993,12088
1994,12086
1995,12065
1996,12056
1997,12049
1998,12051
1999,12064
2000,12065
