density,seed,object,cells,count,shape
0.05,0,blinker,3,6,
0.05,0,block,4,1,
0.05,0,beehive,6,8,
0.05,1,blinker,3,21,
0.05,1,glider,5,1,
0.05,1,block,4,14,
0.05,1,ship,6,1,
0.05,1,loaf,7,1,
0.05,1,pond,8,2,
0.05,1,beehive,6,4,
0.05,2,blinker,3,7,
0.05,2,block,4,5,
0.05,2,loaf,7,1,
0.05,2,pond,8,1,
0.05,2,beehive,6,3,
0.05,3,blinker,3,7,
0.05,3,block,4,10,
0.05,3,boat,5,2,
0.05,3,loaf,7,2,
0.05,3,beehive,6,6,
0.05,3,tub,4,1,
0.05,4,blinker,3,8,
0.05,4,block,4,10,
0.05,4,boat,5,1,
0.05,4,loaf,7,1,
0.05,4,beehive,6,3,
0.05,5,blinker,3,13,
0.05,5,block,4,4,
0.05,6,blinker,3,1,
0.05,6,block,4,3,
0.05,6,loaf,7,1,
0.05,6,beehive,6,4,
0.05,7,blinker,3,4,
0.05,7,block,4,8,
0.05,7,boat,5,1,
0.05,7,beehive,6,7,
0.05,8,blinker,3,8,
0.05,8,glider,5,1,
0.05,8,block,4,11,
0.05,8,ship,6,1,
0.05,8,toad part,3,2,
0.05,8,pond,8,1,
0.05,8,beehive,6,4,
0.05,9,blinker,3,25,
0.05,9,block,4,28,
0.05,9,boat,5,4,
0.05,9,ship,6,1,
0.05,9,long boat,7,1,
0.05,9,loaf,7,4,
0.05,9,beehive,6,9,
0.05,9,tub,4,1,
0.05,10,blinker,3,17,
0.05,10,block,4,37,
0.05,10,boat,5,3,
0.05,10,other,12,1,0:0;0:1;1:0;1:2;2:1;2:2;3:3;3:4;4:3;4:5;5:4;5:5;
0.05,10,loaf,7,5,
0.05,10,pond,8,2,
0.05,10,beehive,6,16,
0.05,10,tub,4,3,
0.05,11,blinker,3,2,
0.05,11,block,4,3,
0.05,11,boat,5,1,
0.05,11,beehive,6,3,
0.1,0,blinker,3,26,
0.1,0,block,4,37,
0.1,0,boat,5,7,
0.1,0,ship,6,1,
0.1,0,other,12,2,0:0;0:1;1:0;1:2;2:1;2:2;3:3;3:4;4:3;4:5;5:4;5:5;
0.1,0,loaf,7,8,
0.1,0,beehive,6,18,
0.1,0,tub,4,2,
0.1,1,blinker,3,30,
0.1,1,block,4,40,
0.1,1,boat,5,5,
0.1,1,ship,6,1,
0.1,1,loaf,7,6,
0.1,1,beehive,6,17,
0.1,2,blinker,3,19,
0.1,2,block,4,44,
0.1,2,boat,5,8,
0.1,2,ship,6,1,
0.1,2,toad part,3,2,
0.1,2,loaf,7,3,
0.1,2,beehive,6,15,
0.1,3,blinker,3,34,
0.1,3,block,4,31,
0.1,3,boat,5,5,
0.1,3,toad part,3,2,
0.1,3,loaf,7,5,
0.1,3,pond,8,1,
0.1,3,beehive,6,16,
0.1,3,tub,4,1,
0.1,4,blinker,3,42,
0.1,4,block,4,32,
0.1,4,boat,5,9,
0.1,4,ship,6,3,
0.1,4,loaf,7,5,
0.1,4,beehive,6,24,
0.1,4,tub,4,1,
0.1,5,blinker,3,25,
0.1,5,block,4,37,
0.1,5,boat,5,7,
0.1,5,ship,6,1,
0.1,5,loaf,7,6,
0.1,5,pond,8,1,
0.1,5,beehive,6,15,
0.1,5,tub,4,2,
0.1,6,blinker,3,34,
0.1,6,toad,6,2,
0.1,6,block,4,24,
0.1,6,boat,5,7,
0.1,6,long boat,7,1,
0.1,6,loaf,7,4,
0.1,6,pond,8,4,
0.1,6,beehive,6,13,
0.1,6,tub,4,2,
0.1,7,blinker,3,53,
0.1,7,block,4,29,
0.1,7,boat,5,5,
0.1,7,ship,6,1,
0.1,7,loaf,7,6,
0.1,7,pond,8,1,
0.1,7,beehive,6,22,
0.1,7,other,8,1,0:1;0:2;1:0;1:3;2:1;2:4;3:2;3:3;
0.1,7,tub,4,1,
0.1,8,blinker,3,39,
0.1,8,block,4,40,
0.1,8,boat,5,6,
0.1,8,ship,6,1,
0.1,8,loaf,7,8,
0.1,8,pond,8,1,
0.1,8,beehive,6,15,
0.1,9,blinker,3,29,
0.1,9,block,4,28,
0.1,9,boat,5,4,
0.1,9,ship,6,1,
0.1,9,loaf,7,7,
0.1,9,beehive,6,22,
0.1,9,tub,4,3,
0.1,10,blinker,3,26,
0.1,10,block,4,43,
0.1,10,boat,5,8,
0.1,10,ship,6,1,
0.1,10,loaf,7,8,
0.1,10,beehive,6,26,
0.1,10,tub,4,2,
0.1,11,blinker,3,26,
0.1,11,block,4,19,
0.1,11,boat,5,3,
0.1,11,ship,6,1,
0.1,11,loaf,7,5,
0.1,11,pond,8,1,
0.1,11,beehive,6,21,
0.1,11,tub,4,1,
0.15,0,blinker,3,23,
0.15,0,toad,6,1,
0.15,0,block,4,45,
0.15,0,boat,5,9,
0.15,0,loaf,7,8,
0.15,0,pond,8,2,
0.15,0,beehive,6,20,
0.15,0,tub,4,1,
0.15,1,blinker,3,31,
0.15,1,block,4,35,
0.15,1,boat,5,4,
0.15,1,ship,6,1,
0.15,1,long boat,7,1,
0.15,1,loaf,7,5,
0.15,1,beehive,6,28,
0.15,1,tub,4,1,
0.15,2,blinker,3,47,
0.15,2,block,4,38,
0.15,2,boat,5,7,
0.15,2,ship,6,1,
0.15,2,loaf,7,6,
0.15,2,pond,8,2,
0.15,2,beehive,6,22,
0.15,2,tub,4,3,
0.15,3,blinker,3,52,
0.15,3,block,4,29,
0.15,3,boat,5,5,
0.15,3,long boat,7,2,
0.15,3,loaf,7,9,
0.15,3,pond,8,2,
0.15,3,beehive,6,17,
0.15,4,blinker,3,19,
0.15,4,block,4,37,
0.15,4,boat,5,8,
0.15,4,other,12,1,0:0;0:1;1:0;1:2;2:1;2:2;3:3;3:4;4:3;4:5;5:4;5:5;
0.15,4,toad part,3,2,
0.15,4,loaf,7,7,
0.15,4,pond,8,1,
0.15,4,beehive,6,20,
0.15,4,tub,4,2,
0.15,5,blinker,3,32,
0.15,5,block,4,49,
0.15,5,boat,5,3,
0.15,5,long boat,7,3,
0.15,5,loaf,7,4,
0.15,5,beehive,6,23,
0.15,5,tub,4,2,
0.15,6,blinker,3,32,
0.15,6,block,4,26,
0.15,6,boat,5,6,
0.15,6,ship,6,2,
0.15,6,loaf,7,2,
0.15,6,beehive,6,16,
0.15,6,tub,4,1,
0.15,7,blinker,3,34,
0.15,7,block,4,37,
0.15,7,boat,5,3,
0.15,7,long boat,7,1,
0.15,7,loaf,7,13,
0.15,7,beehive,6,21,
0.15,7,other,14,2,0:1;0:2;1:0;1:3;2:1;2:3;3:2;3:4;3:5;4:3;4:6;5:4;5:6;6:5;
0.15,8,blinker,3,38,
0.15,8,beacon part,3,2,
0.15,8,block,4,34,
0.15,8,boat,5,7,
0.15,8,loaf,7,4,
0.15,8,pond,8,2,
0.15,8,beehive,6,21,
0.15,8,other,14,2,0:1;0:2;1:0;1:3;2:1;2:3;3:2;3:4;3:5;4:3;4:6;5:4;5:6;6:5;
0.15,8,tub,4,1,
0.15,9,blinker,3,38,
0.15,9,block,4,40,
0.15,9,boat,5,8,
0.15,9,other,10,1,0:0;0:1;1:0;1:2;2:1;2:3;3:2;3:4;4:3;4:4;
0.15,9,toad part,3,2,
0.15,9,loaf,7,3,
0.15,9,pond,8,3,
0.15,9,beehive,6,17,
0.15,9,tub,4,1,
0.15,10,blinker,3,25,
0.15,10,block,4,31,
0.15,10,boat,5,5,
0.15,10,loaf,7,4,
0.15,10,pond,8,4,
0.15,10,beehive,6,24,
0.15,10,tub,4,3,
0.15,11,blinker,3,45,
0.15,11,block,4,38,
0.15,11,boat,5,9,
0.15,11,ship,6,1,
0.15,11,loaf,7,4,
0.15,11,beehive,6,19,
0.15,11,tub,4,1,
0.2,0,blinker,3,32,
0.2,0,block,4,40,
0.2,0,boat,5,8,
0.2,0,ship,6,2,
0.2,0,loaf,7,4,
0.2,0,pond,8,2,
0.2,0,beehive,6,23,
0.2,1,blinker,3,29,
0.2,1,block,4,32,
0.2,1,boat,5,4,
0.2,1,ship,6,1,
0.2,1,loaf,7,4,
0.2,1,pond,8,3,
0.2,1,beehive,6,26,
0.2,1,tub,4,3,
0.2,2,blinker,3,36,
0.2,2,block,4,28,
0.2,2,boat,5,2,
0.2,2,ship,6,1,
0.2,2,long boat,7,3,
0.2,2,loaf,7,11,
0.2,2,pond,8,5,
0.2,2,beehive,6,10,
0.2,2,tub,4,1,
0.2,3,blinker,3,32,
0.2,3,block,4,30,
0.2,3,boat,5,8,
0.2,3,ship,6,2,
0.2,3,loaf,7,6,
0.2,3,beehive,6,25,
0.2,4,blinker,3,30,
0.2,4,block,4,42,
0.2,4,boat,5,4,
0.2,4,loaf,7,5,
0.2,4,pond,8,1,
0.2,4,beehive,6,15,
0.2,4,tub,4,2,
0.2,5,blinker,3,32,
0.2,5,block,4,30,
0.2,5,boat,5,3,
0.2,5,ship,6,1,
0.2,5,other,12,1,0:0;0:1;1:0;1:2;2:1;2:2;3:3;3:4;4:3;4:5;5:4;5:5;
0.2,5,long boat,7,2,
0.2,5,loaf,7,7,
0.2,5,pond,8,3,
0.2,5,beehive,6,20,
0.2,6,blinker,3,42,
0.2,6,block,4,34,
0.2,6,boat,5,4,
0.2,6,ship,6,2,
0.2,6,long boat,7,1,
0.2,6,loaf,7,9,
0.2,6,pond,8,2,
0.2,6,beehive,6,20,
0.2,7,blinker,3,36,
0.2,7,block,4,30,
0.2,7,boat,5,3,
0.2,7,long boat,7,1,
0.2,7,loaf,7,8,
0.2,7,pond,8,3,
0.2,7,beehive,6,23,
0.2,7,tub,4,5,
0.2,8,blinker,3,41,
0.2,8,toad,6,1,
0.2,8,block,4,42,
0.2,8,boat,5,9,
0.2,8,ship,6,1,
0.2,8,long boat,7,1,
0.2,8,loaf,7,5,
0.2,8,pond,8,1,
0.2,8,beehive,6,15,
0.2,8,tub,4,3,
0.2,9,blinker,3,34,
0.2,9,block,4,42,
0.2,9,boat,5,2,
0.2,9,loaf,7,10,
0.2,9,beehive,6,27,
0.2,9,tub,4,1,
0.2,10,blinker,3,40,
0.2,10,block,4,28,
0.2,10,boat,5,4,
0.2,10,ship,6,1,
0.2,10,long boat,7,1,
0.2,10,loaf,7,1,
0.2,10,pond,8,3,
0.2,10,beehive,6,17,
0.2,10,tub,4,1,
0.2,11,blinker,3,28,
0.2,11,block,4,44,
0.2,11,boat,5,6,
0.2,11,loaf,7,2,
0.2,11,beehive,6,23,
0.25,0,blinker,3,47,
0.25,0,block,4,34,
0.25,0,boat,5,7,
0.25,0,ship,6,1,
0.25,0,long boat,7,1,
0.25,0,loaf,7,8,
0.25,0,beehive,6,22,
0.25,0,tub,4,1,
0.25,1,blinker,3,32,
0.25,1,block,4,38,
0.25,1,boat,5,4,
0.25,1,ship,6,1,
0.25,1,loaf,7,7,
0.25,1,pond,8,2,
0.25,1,beehive,6,23,
0.25,1,tub,4,1,
0.25,2,blinker,3,31,
0.25,2,block,4,44,
0.25,2,boat,5,4,
0.25,2,loaf,7,6,
0.25,2,beehive,6,17,
0.25,2,tub,4,2,
0.25,3,blinker,3,29,
0.25,3,block,4,32,
0.25,3,boat,5,5,
0.25,3,ship,6,1,
0.25,3,toad part,3,2,
0.25,3,loaf,7,9,
0.25,3,pond,8,1,
0.25,3,beehive,6,18,
0.25,3,tub,4,2,
0.25,4,blinker,3,35,
0.25,4,block,4,33,
0.25,4,boat,5,4,
0.25,4,loaf,7,6,
0.25,4,pond,8,2,
0.25,4,beehive,6,27,
0.25,4,tub,4,3,
0.25,5,blinker,3,36,
0.25,5,block,4,34,
0.25,5,boat,5,6,
0.25,5,ship,6,1,
0.25,5,loaf,7,2,
0.25,5,beehive,6,29,
0.25,6,blinker,3,21,
0.25,6,block,4,31,
0.25,6,boat,5,8,
0.25,6,ship,6,1,
0.25,6,loaf,7,12,
0.25,6,pond,8,3,
0.25,6,beehive,6,15,
0.25,7,blinker,3,42,
0.25,7,block,4,27,
0.25,7,boat,5,8,
0.25,7,other,12,2,0:0;0:1;1:0;1:2;2:1;2:2;3:3;3:4;4:3;4:5;5:4;5:5;
0.25,7,long boat,7,1,
0.25,7,loaf,7,3,
0.25,7,pond,8,1,
0.25,7,beehive,6,21,
0.25,7,tub,4,1,
0.25,8,blinker,3,31,
0.25,8,beacon part,3,2,
0.25,8,block,4,39,
0.25,8,boat,5,9,
0.25,8,ship,6,1,
0.25,8,loaf,7,4,
0.25,8,beehive,6,19,
0.25,8,tub,4,1,
0.25,9,blinker,3,37,
0.25,9,block,4,28,
0.25,9,beacon,8,1,
0.25,9,boat,5,5,
0.25,9,ship,6,2,
0.25,9,loaf,7,8,
0.25,9,pond,8,1,
0.25,9,beehive,6,21,
0.25,9,tub,4,1,
0.25,10,blinker,3,33,
0.25,10,block,4,29,
0.25,10,boat,5,2,
0.25,10,long boat,7,1,
0.25,10,loaf,7,12,
0.25,10,pond,8,1,
0.25,10,beehive,6,17,
0.25,10,tub,4,2,
0.25,11,blinker,3,30,
0.25,11,block,4,36,
0.25,11,boat,5,5,
0.25,11,ship,6,1,
0.25,11,loaf,7,7,
0.25,11,pond,8,1,
0.25,11,beehive,6,24,
0.25,11,tub,4,3,
0.25,11,barge,6,1,
0.3,0,blinker,3,28,
0.3,0,beacon part,3,2,
0.3,0,block,4,31,
0.3,0,boat,5,4,
0.3,0,toad part,3,2,
0.3,0,loaf,7,11,
0.3,0,beehive,6,16,
0.3,0,tub,4,1,
0.3,1,blinker,3,40,
0.3,1,block,4,40,
0.3,1,boat,5,5,
0.3,1,other,7,1,0:0;0:1;1:0;1:2;2:2;3:2;3:3;
0.3,1,loaf,7,7,
0.3,1,pond,8,1,
0.3,1,beehive,6,16,
0.3,1,barge,6,1,
0.3,2,blinker,3,49,
0.3,2,block,4,40,
0.3,2,boat,5,7,
0.3,2,ship,6,1,
0.3,2,loaf,7,9,
0.3,2,pond,8,3,
0.3,2,beehive,6,14,
0.3,2,tub,4,1,
0.3,2,other,8,1,0:1;1:0;1:2;2:1;2:3;3:2;3:4;4:3;
0.3,3,blinker,3,67,
0.3,3,block,4,34,
0.3,3,boat,5,7,
0.3,3,ship,6,1,
0.3,3,other,12,2,0:0;0:1;1:0;1:2;2:1;2:2;3:3;3:4;4:3;4:5;5:4;5:5;
0.3,3,loaf,7,3,
0.3,3,pond,8,2,
0.3,3,beehive,6,11,
0.3,3,tub,4,1,
0.3,4,blinker,3,35,
0.3,4,block,4,31,
0.3,4,boat,5,4,
0.3,4,ship,6,2,
0.3,4,long boat,7,1,
0.3,4,loaf,7,4,
0.3,4,pond,8,1,
0.3,4,beehive,6,21,
0.3,4,other,14,1,0:1;0:2;1:0;1:3;2:1;2:3;3:2;3:4;3:5;4:3;4:6;5:4;5:6;6:5;
0.3,4,tub,4,2,
0.3,5,blinker,3,29,
0.3,5,block,4,39,
0.3,5,boat,5,2,
0.3,5,loaf,7,5,
0.3,5,pond,8,1,
0.3,5,beehive,6,18,
0.3,5,tub,4,4,
0.3,6,blinker,3,21,
0.3,6,block,4,36,
0.3,6,boat,5,12,
0.3,6,ship,6,2,
0.3,6,loaf,7,11,
0.3,6,beehive,6,25,
0.3,7,blinker,3,38,
0.3,7,toad,6,2,
0.3,7,block,4,22,
0.3,7,boat,5,7,
0.3,7,ship,6,2,
0.3,7,loaf,7,9,
0.3,7,pond,8,1,
0.3,7,beehive,6,21,
0.3,7,tub,4,2,
0.3,8,blinker,3,32,
0.3,8,block,4,35,
0.3,8,boat,5,6,
0.3,8,loaf,7,4,
0.3,8,pond,8,1,
0.3,8,beehive,6,23,
0.3,8,tub,4,1,
0.3,9,blinker,3,34,
0.3,9,block,4,35,
0.3,9,beacon,8,1,
0.3,9,boat,5,9,
0.3,9,ship,6,1,
0.3,9,long boat,7,1,
0.3,9,other,7,1,0:0;0:1;1:0;1:2;2:2;3:2;3:3;
0.3,9,loaf,7,3,
0.3,9,pond,8,1,
0.3,9,beehive,6,21,
0.3,10,blinker,3,40,
0.3,10,beacon part,3,2,
0.3,10,block,4,35,
0.3,10,boat,5,4,
0.3,10,loaf,7,6,
0.3,10,pond,8,1,
0.3,10,beehive,6,25,
0.3,10,tub,4,2,
0.3,11,blinker,3,23,
0.3,11,block,4,36,
0.3,11,beacon,8,1,
0.3,11,boat,5,3,
0.3,11,ship,6,1,
0.3,11,loaf,7,7,
0.3,11,pond,8,1,
0.3,11,beehive,6,28,
0.3,11,tub,4,4,
0.35,0,blinker,3,45,
0.35,0,block,4,33,
0.35,0,boat,5,6,
0.35,0,other,7,1,0:0;0:1;1:0;1:2;2:2;3:2;3:3;
0.35,0,loaf,7,5,
0.35,0,pond,8,2,
0.35,0,beehive,6,27,
0.35,0,tub,4,1,
0.35,1,blinker,3,34,
0.35,1,block,4,31,
0.35,1,beacon,8,1,
0.35,1,boat,5,8,
0.35,1,ship,6,1,
0.35,1,loaf,7,8,
0.35,1,pond,8,2,
0.35,1,beehive,6,12,
0.35,1,tub,4,1,
0.35,1,barge,6,1,
0.35,2,blinker,3,44,
0.35,2,toad,6,1,
0.35,2,block,4,31,
0.35,2,boat,5,5,
0.35,2,other,7,1,0:0;0:1;1:0;1:2;2:2;3:2;3:3;
0.35,2,loaf,7,6,
0.35,2,beehive,6,18,
0.35,2,tub,4,1,
0.35,3,blinker,3,48,
0.35,3,block,4,38,
0.35,3,boat,5,7,
0.35,3,toad part,3,2,
0.35,3,loaf,7,5,
0.35,3,beehive,6,19,
0.35,3,tub,4,1,
0.35,4,blinker,3,26,
0.35,4,toad,6,2,
0.35,4,block,4,33,
0.35,4,boat,5,3,
0.35,4,ship,6,1,
0.35,4,long boat,7,1,
0.35,4,loaf,7,8,
0.35,4,pond,8,3,
0.35,4,beehive,6,22,
0.35,4,tub,4,1,
0.35,5,blinker,3,39,
0.35,5,toad,6,1,
0.35,5,block,4,34,
0.35,5,boat,5,4,
0.35,5,ship,6,2,
0.35,5,loaf,7,5,
0.35,5,pond,8,1,
0.35,5,beehive,6,11,
0.35,5,tub,4,2,
0.35,6,blinker,3,43,
0.35,6,block,4,41,
0.35,6,boat,5,7,
0.35,6,loaf,7,4,
0.35,6,pond,8,2,
0.35,6,beehive,6,20,
0.35,6,tub,4,1,
0.35,6,other,8,1,0:1;1:0;1:2;2:1;2:3;3:2;3:4;4:3;
0.35,7,blinker,3,43,
0.35,7,block,4,35,
0.35,7,boat,5,2,
0.35,7,toad part,3,2,
0.35,7,other,14,1,0:1;0:2;1:0;1:2;1:3;1:4;2:0;2:5;3:1;3:2;3:3;3:5;4:3;4:4;
0.35,7,loaf,7,6,
0.35,7,pond,8,2,
0.35,7,beehive,6,16,
0.35,7,tub,4,1,
0.35,8,blinker,3,34,
0.35,8,toad,6,1,
0.35,8,block,4,49,
0.35,8,boat,5,4,
0.35,8,toad part,3,2,
0.35,8,loaf,7,4,
0.35,8,pond,8,1,
0.35,8,beehive,6,25,
0.35,9,blinker,3,31,
0.35,9,block,4,34,
0.35,9,boat,5,9,
0.35,9,ship,6,1,
0.35,9,other,7,1,0:0;0:1;1:0;1:2;2:2;3:2;3:3;
0.35,9,loaf,7,4,
0.35,9,pond,8,2,
0.35,9,beehive,6,24,
0.35,9,tub,4,2,
0.35,10,blinker,3,45,
0.35,10,block,4,42,
0.35,10,boat,5,7,
0.35,10,loaf,7,4,
0.35,10,beehive,6,13,
0.35,10,tub,4,1,
0.35,11,blinker,3,44,
0.35,11,block,4,33,
0.35,11,boat,5,4,
0.35,11,ship,6,1,
0.35,11,long boat,7,1,
0.35,11,loaf,7,7,
0.35,11,pond,8,1,
0.35,11,beehive,6,24,
0.4,0,blinker,3,48,
0.4,0,block,4,31,
0.4,0,boat,5,8,
0.4,0,loaf,7,6,
0.4,0,pond,8,2,
0.4,0,beehive,6,24,
0.4,0,tub,4,2,
0.4,1,blinker,3,32,
0.4,1,block,4,36,
0.4,1,boat,5,1,
0.4,1,ship,6,1,
0.4,1,loaf,7,9,
0.4,1,pond,8,1,
0.4,1,beehive,6,13,
0.4,1,tub,4,1,
0.4,2,blinker,3,32,
0.4,2,toad,6,1,
0.4,2,block,4,30,
0.4,2,boat,5,10,
0.4,2,ship,6,1,
0.4,2,toad part,3,2,
0.4,2,loaf,7,6,
0.4,2,beehive,6,25,
0.4,2,tub,4,1,
0.4,3,blinker,3,28,
0.4,3,block,4,30,
0.4,3,boat,5,3,
0.4,3,ship,6,1,
0.4,3,other,12,1,0:0;0:1;1:0;1:2;2:1;2:2;3:3;3:4;4:3;4:5;5:4;5:5;
0.4,3,loaf,7,2,
0.4,3,pond,8,2,
0.4,3,beehive,6,15,
0.4,3,tub,4,3,
0.4,4,blinker,3,28,
0.4,4,toad,6,1,
0.4,4,block,4,32,
0.4,4,boat,5,5,
0.4,4,long boat,7,1,
0.4,4,loaf,7,6,
0.4,4,pond,8,2,
0.4,4,beehive,6,23,
0.4,5,blinker,3,41,
0.4,5,block,4,35,
0.4,5,boat,5,5,
0.4,5,ship,6,1,
0.4,5,other,12,2,0:0;0:1;1:0;1:2;2:1;2:2;3:3;3:4;4:3;4:5;5:4;5:5;
0.4,5,loaf,7,6,
0.4,5,pond,8,2,
0.4,5,beehive,6,13,
0.4,5,other,14,1,0:1;0:2;1:0;1:3;2:1;2:3;3:2;3:4;3:5;4:3;4:6;5:4;5:6;6:5;
0.4,5,tub,4,1,
0.4,6,blinker,3,17,
0.4,6,toad,6,2,
0.4,6,block,4,36,
0.4,6,boat,5,6,
0.4,6,other,12,2,0:0;0:1;1:0;1:2;2:1;2:2;3:3;3:4;4:3;4:5;5:4;5:5;
0.4,6,loaf,7,6,
0.4,6,pond,8,4,
0.4,6,beehive,6,19,
0.4,6,tub,4,1,
0.4,6,barge,6,1,
0.4,7,blinker,3,41,
0.4,7,block,4,27,
0.4,7,boat,5,4,
0.4,7,ship,6,2,
0.4,7,other,12,1,0:0;0:1;1:0;1:2;2:1;2:2;3:3;3:4;4:3;4:5;5:4;5:5;
0.4,7,long boat,7,1,
0.4,7,loaf,7,4,
0.4,7,beehive,6,24,
0.4,7,tub,4,1,
0.4,8,blinker,3,34,
0.4,8,toad,6,1,
0.4,8,block,4,31,
0.4,8,boat,5,4,
0.4,8,toad part,3,2,
0.4,8,loaf,7,4,
0.4,8,pond,8,1,
0.4,8,beehive,6,16,
0.4,9,blinker,3,29,
0.4,9,beacon part,3,2,
0.4,9,block,4,43,
0.4,9,boat,5,4,
0.4,9,ship,6,1,
0.4,9,loaf,7,6,
0.4,9,pond,8,3,
0.4,9,beehive,6,18,
0.4,9,other,10,1,0:1;1:0;1:2;2:1;2:2;3:3;3:4;4:3;4:5;5:4;
0.4,10,blinker,3,43,
0.4,10,toad,6,1,
0.4,10,block,4,31,
0.4,10,beacon,8,1,
0.4,10,boat,5,5,
0.4,10,loaf,7,5,
0.4,10,pond,8,1,
0.4,10,beehive,6,18,
0.4,10,tub,4,2,
0.4,11,blinker,3,32,
0.4,11,toad,6,1,
0.4,11,block,4,29,
0.4,11,boat,5,9,
0.4,11,ship,6,1,
0.4,11,long boat,7,1,
0.4,11,loaf,7,7,
0.4,11,pond,8,1,
0.4,11,beehive,6,18,
0.5,0,blinker,3,25,
0.5,0,block,4,34,
0.5,0,beacon,8,1,
0.5,0,boat,5,7,
0.5,0,ship,6,1,
0.5,0,long boat,7,1,
0.5,0,loaf,7,4,
0.5,0,pond,8,3,
0.5,0,beehive,6,16,
0.5,0,tub,4,1,
0.5,1,blinker,3,39,
0.5,1,block,4,29,
0.5,1,boat,5,5,
0.5,1,toad part,3,2,
0.5,1,loaf,7,3,
0.5,1,pond,8,2,
0.5,1,beehive,6,21,
0.5,1,other,8,1,0:1;0:2;1:0;1:3;2:1;2:4;3:2;3:3;
0.5,1,tub,4,3,
0.5,1,barge,6,1,
0.5,2,blinker,3,42,
0.5,2,block,4,34,
0.5,2,boat,5,2,
0.5,2,loaf,7,9,
0.5,2,pond,8,3,
0.5,2,beehive,6,26,
0.5,2,tub,4,1,
0.5,3,blinker,3,36,
0.5,3,block,4,41,
0.5,3,boat,5,5,
0.5,3,ship,6,2,
0.5,3,loaf,7,6,
0.5,3,beehive,6,19,
0.5,4,LWSS part,1,2,
0.5,4,blinker,3,59,
0.5,4,other,16,1,0:0;0:1;0:2;0:3;1:0;1:4;2:0;2:5;2:7;3:1;3:6;3:7;3:8;4:1;5:2;6:2;
0.5,4,toad,6,1,
0.5,4,beacon part,3,2,
0.5,4,block,4,24,
0.5,4,beacon,8,1,
0.5,4,boat,5,3,
0.5,4,other,9,1,0:1;0:2;0:3;1:0;1:3;2:4;3:3;3:4;4:3;
0.5,4,loaf,7,9,
0.5,4,beehive,6,23,
0.5,4,tub,4,4,
0.5,5,blinker,3,42,
0.5,5,block,4,32,
0.5,5,boat,5,6,
0.5,5,ship,6,1,
0.5,5,loaf,7,4,
0.5,5,beehive,6,25,
0.5,5,tub,4,2,
0.5,6,blinker,3,37,
0.5,6,block,4,41,
0.5,6,boat,5,4,
0.5,6,loaf,7,13,
0.5,6,pond,8,3,
0.5,6,beehive,6,28,
0.5,6,tub,4,2,
0.5,7,blinker,3,27,
0.5,7,block,4,39,
0.5,7,boat,5,4,
0.5,7,long boat,7,1,
0.5,7,other,8,1,0:0;0:1;1:0;1:2;2:2;3:1;4:1;4:2;
0.5,7,loaf,7,7,
0.5,7,pond,8,2,
0.5,7,beehive,6,14,
0.5,8,blinker,3,50,
0.5,8,block,4,33,
0.5,8,boat,5,6,
0.5,8,ship,6,1,
0.5,8,loaf,7,5,
0.5,8,pond,8,1,
0.5,8,beehive,6,33,
0.5,8,barge,6,1,
0.5,9,blinker,3,35,
0.5,9,block,4,36,
0.5,9,beacon,8,2,
0.5,9,boat,5,6,
0.5,9,long boat,7,1,
0.5,9,other,9,1,0:0;0:1;1:0;1:2;2:2;3:2;3:4;4:3;4:4;
0.5,9,loaf,7,6,
0.5,9,pond,8,1,
0.5,9,beehive,6,25,
0.5,10,blinker,3,36,
0.5,10,block,4,36,
0.5,10,boat,5,4,
0.5,10,ship,6,1,
0.5,10,loaf,7,6,
0.5,10,beehive,6,23,
0.5,10,tub,4,1,
0.5,11,blinker,3,39,
0.5,11,block,4,36,
0.5,11,boat,5,3,
0.5,11,other,7,1,0:0;0:1;1:0;1:2;2:2;3:2;3:3;
0.5,11,loaf,7,4,
0.5,11,beehive,6,19,
0.5,11,tub,4,1,
0.6,0,blinker,3,28,
0.6,0,block,4,39,
0.6,0,boat,5,4,
0.6,0,loaf,7,12,
0.6,0,pond,8,2,
0.6,0,beehive,6,20,
0.6,1,blinker,3,42,
0.6,1,block,4,21,
0.6,1,beacon,8,1,
0.6,1,boat,5,10,
0.6,1,loaf,7,6,
0.6,1,pond,8,4,
0.6,1,beehive,6,13,
0.6,2,blinker,3,36,
0.6,2,block,4,37,
0.6,2,boat,5,10,
0.6,2,loaf,7,1,
0.6,2,beehive,6,15,
0.6,2,tub,4,9,
0.6,3,blinker,3,33,
0.6,3,block,4,33,
0.6,3,boat,5,1,
0.6,3,ship,6,1,
0.6,3,loaf,7,5,
0.6,3,pond,8,2,
0.6,3,beehive,6,17,
0.6,4,blinker,3,46,
0.6,4,block,4,37,
0.6,4,boat,5,4,
0.6,4,long boat,7,1,
0.6,4,loaf,7,6,
0.6,4,pond,8,1,
0.6,4,beehive,6,13,
0.6,4,tub,4,1,
0.6,5,blinker,3,34,
0.6,5,block,4,28,
0.6,5,boat,5,6,
0.6,5,loaf,7,6,
0.6,5,pond,8,4,
0.6,5,beehive,6,25,
0.6,5,tub,4,2,
0.6,6,blinker,3,27,
0.6,6,block,4,29,
0.6,6,boat,5,6,
0.6,6,ship,6,1,
0.6,6,loaf,7,6,
0.6,6,pond,8,1,
0.6,6,beehive,6,29,
0.6,6,tub,4,1,
0.6,6,barge,6,1,
0.6,7,blinker,3,21,
0.6,7,block,4,35,
0.6,7,boat,5,1,
0.6,7,ship,6,2,
0.6,7,long boat,7,1,
0.6,7,loaf,7,9,
0.6,7,pond,8,2,
0.6,7,beehive,6,19,
0.6,7,tub,4,5,
0.6,8,LWSS part,1,3,
0.6,8,other,2,1,0:0;0:1;
0.6,8,blinker,3,39,
0.6,8,other,10,1,0:0;0:1;0:2;0:3;0:4;0:5;1:0;1:1;1:4;2:1;
0.6,8,other,5,2,0:0;0:1;0:2;1:0;1:1;
0.6,8,other,6,1,0:0;0:1;0:2;1:0;1:1;1:2;
0.6,8,other,17,1,0:0;0:1;0:2;1:0;1:1;1:2;2:1;3:2;3:4;4:2;4:3;4:4;5:4;5:5;5:6;6:5;6:6;
0.6,8,other,15,1,0:0;0:1;0:2;1:0;1:1;2:1;2:2;2:5;2:7;3:2;3:3;3:4;3:6;4:2;4:3;
0.6,8,other,9,1,0:0;0:1;0:2;1:0;1:2;1:3;2:4;3:4;4:5;
0.6,8,other,8,1,0:0;0:1;0:2;1:0;1:3;2:0;2:4;3:5;
0.6,8,other,14,1,0:0;0:1;0:2;1:0;1:5;2:1;2:2;2:3;2:4;2:7;3:4;3:7;4:5;4:6;
0.6,8,other,6,1,0:0;0:1;0:2;1:0;2:1;3:2;
0.6,8,other,6,1,0:0;0:1;0:2;1:1;2:0;2:1;
0.6,8,other,6,1,0:0;0:1;0:2;1:3;1:4;2:3;
0.6,8,other,8,1,0:0;0:1;0:3;0:4;1:2;1:5;2:3;2:4;
0.6,8,other,10,1,0:0;0:1;0:4;0:5;1:0;1:5;2:1;2:2;2:3;2:4;
0.6,8,beacon part,3,1,
0.6,8,block,4,27,
0.6,8,other,6,1,0:0;0:1;1:0;1:1;1:2;2:3;
0.6,8,boat,5,12,
0.6,8,ship,6,1,
0.6,8,other,6,1,0:0;0:1;1:2;1:3;2:1;2:2;
0.6,8,other,4,2,0:0;0:1;1:2;2:3;
0.6,8,other,7,1,0:0;0:2;1:1;1:2;1:4;1:5;2:3;
0.6,8,other,10,1,0:1;0:2;0:3;1:0;1:1;1:4;2:0;2:1;2:3;3:2;
0.6,8,other,11,1,0:1;0:2;0:3;1:0;1:3;2:4;3:3;3:4;4:3;5:1;5:2;
0.6,8,other,21,1,0:1;0:2;0:3;1:1;1:2;1:3;1:4;2:2;2:5;3:0;3:1;3:2;3:5;4:0;4:1;4:3;5:1;6:2;6:3;7:2;7:3;
0.6,8,other,17,1,0:1;0:2;0:3;1:4;1:5;1:6;2:2;2:5;3:1;3:2;3:5;4:0;4:4;5:0;5:2;5:3;6:1;
0.6,8,loaf,7,1,
0.6,8,pond,8,1,
0.6,8,beehive,6,12,
0.6,8,other,25,1,0:1;1:0;1:1;1:2;2:2;2:3;3:1;3:2;4:1;4:2;4:3;4:4;4:5;5:1;5:3;5:4;5:5;5:6;6:1;6:7;6:8;7:1;8:1;8:2;9:3;
0.6,8,tub,4,1,
0.6,8,other,13,1,0:1;1:1;1:2;2:0;2:1;2:2;2:3;2:4;3:2;3:5;4:2;5:2;6:3;
0.6,9,blinker,3,29,
0.6,9,toad,6,1,
0.6,9,block,4,26,
0.6,9,boat,5,5,
0.6,9,ship,6,4,
0.6,9,loaf,7,3,
0.6,9,beehive,6,25,
0.6,9,tub,4,1,
0.6,10,blinker,3,25,
0.6,10,block,4,36,
0.6,10,boat,5,14,
0.6,10,ship,6,2,
0.6,10,loaf,7,6,
0.6,10,pond,8,2,
0.6,10,beehive,6,20,
0.6,11,blinker,3,48,
0.6,11,block,4,29,
0.6,11,beacon,8,1,
0.6,11,boat,5,2,
0.6,11,ship,6,2,
0.6,11,loaf,7,8,
0.6,11,pond,8,1,
0.6,11,beehive,6,15,
0.6,11,tub,4,2,
0.7,0,LWSS part,1,1,
0.7,0,blinker,3,54,
0.7,0,other,17,1,0:0;0:1;0:2;0:4;0:5;0:6;1:0;1:3;1:5;2:1;2:5;2:6;3:2;3:5;3:6;4:4;4:5;
0.7,0,other,6,1,0:0;0:1;0:2;1:0;1:1;1:2;
0.7,0,other,9,1,0:0;0:1;0:2;1:0;1:1;2:1;3:0;3:2;4:0;
0.7,0,beacon part,3,1,
0.7,0,block,4,37,
0.7,0,other,6,1,0:0;0:1;1:0;1:1;1:3;2:2;
0.7,0,boat,5,4,
0.7,0,ship,6,1,
0.7,0,other,53,1,0:10;0:11;1:6;1:8;1:9;1:12;2:5;2:6;2:10;2:11;2:13;3:1;3:2;3:3;3:4;3:5;3:7;3:9;3:13;4:0;4:2;4:3;4:4;4:8;4:12;4:13;5:0;5:3;5:6;5:7;5:9;6:1;6:2;6:3;6:8;6:9;7:1;7:2;7:9;8:3;8:4;8:5;8:9;8:10;9:3;9:4;9:6;9:10;10:4;10:5;10:9;11:5;11:10;
0.7,0,other,18,1,0:1;0:2;0:3;1:1;1:2;2:0;2:4;2:5;3:0;3:1;3:2;3:4;3:5;4:1;4:2;4:3;4:6;5:5;
0.7,0,loaf,7,8,
0.7,0,pond,8,2,
0.7,0,beehive,6,16,
0.7,0,tub,4,1,
0.7,1,blinker,3,30,
0.7,1,block,4,32,
0.7,1,boat,5,7,
0.7,1,loaf,7,2,
0.7,1,beehive,6,18,
0.7,1,tub,4,1,
0.7,2,blinker,3,32,
0.7,2,block,4,33,
0.7,2,boat,5,3,
0.7,2,ship,6,2,
0.7,2,loaf,7,6,
0.7,2,beehive,6,26,
0.7,3,blinker,3,40,
0.7,3,toad,6,1,
0.7,3,block,4,35,
0.7,3,boat,5,4,
0.7,3,loaf,7,2,
0.7,3,beehive,6,29,
0.7,3,other,8,1,0:1;0:2;1:0;1:3;2:1;2:4;3:2;3:3;
0.7,3,tub,4,1,
0.7,4,blinker,3,43,
0.7,4,block,4,42,
0.7,4,boat,5,1,
0.7,4,toad part,3,2,
0.7,4,loaf,7,6,
0.7,4,beehive,6,30,
0.7,5,LWSS part,1,4,
0.7,5,other,2,6,0:0;0:1;
0.7,5,blinker,3,33,
0.7,5,other,16,1,0:0;0:1;0:2;0:4;0:5;1:0;1:3;1:4;1:5;2:0;2:1;2:3;2:5;3:2;3:4;4:3;
0.7,5,other,8,1,0:0;0:1;0:2;1:1;2:1;2:3;3:2;3:3;
0.7,5,other,7,1,0:0;0:1;0:2;1:3;2:2;3:0;3:1;
0.7,5,other,5,1,0:0;0:1;0:3;1:1;1:2;
0.7,5,other,20,1,0:0;0:1;0:4;0:5;1:0;1:1;1:4;1:5;1:6;2:1;2:3;3:1;3:2;3:3;3:4;3:5;3:6;4:2;4:5;5:3;
0.7,5,beacon part,3,1,
0.7,5,block,4,32,
0.7,5,other,6,1,0:0;0:1;1:0;1:1;1:2;2:1;
0.7,5,other,6,1,0:0;0:1;1:0;1:1;1:2;2:2;
0.7,5,boat,5,9,
0.7,5,long boat,7,1,
0.7,5,other,10,1,0:0;0:1;1:1;1:2;1:4;2:1;2:5;3:2;3:4;4:3;
0.7,5,other,6,1,0:0;0:1;1:1;1:2;2:1;2:3;
0.7,5,toad part,3,2,
0.7,5,other,5,1,0:0;0:1;1:2;2:0;2:1;
0.7,5,other,2,1,0:0;1:1;
0.7,5,other,35,1,0:1;0:2;0:3;0:4;1:0;1:2;1:3;1:5;2:0;2:3;2:6;2:8;2:9;2:10;3:2;3:4;3:6;3:7;4:2;4:3;4:4;4:7;4:10;5:2;5:3;5:7;5:8;5:10;6:2;6:8;6:9;7:1;7:2;8:1;8:2;
0.7,5,other,19,1,0:1;0:2;0:3;1:0;1:1;1:2;1:3;1:4;2:3;2:4;2:5;3:0;3:3;3:4;4:0;4:3;5:1;5:2;5:3;
0.7,5,other,21,1,0:1;0:2;0:3;1:0;1:1;1:2;1:3;2:0;3:0;3:1;3:2;4:2;4:3;4:4;4:5;4:6;5:3;5:4;5:5;6:4;6:5;
0.7,5,other,27,1,0:1;0:2;0:3;1:4;1:5;2:1;2:6;3:2;3:3;3:4;3:5;3:6;4:1;5:1;5:2;5:3;5:4;6:0;6:1;6:2;6:3;6:4;6:5;7:3;7:6;8:4;8:5;
0.7,5,loaf,7,8,
0.7,5,beehive,6,18,
0.7,5,other,6,1,0:1;0:2;1:0;2:1;2:3;3:2;
0.7,5,other,18,1,0:1;0:2;1:1;1:2;1:3;1:5;1:6;1:7;2:0;2:3;2:4;2:5;2:7;3:1;3:3;3:5;3:6;4:3;
0.7,5,other,20,1,0:1;0:2;1:1;2:1;2:2;3:2;4:2;5:1;5:2;5:3;6:1;6:3;7:0;7:4;8:0;8:3;9:0;10:1;10:3;11:2;
0.7,5,tub,4,2,
0.7,5,other,6,1,0:1;1:0;1:2;2:3;3:2;4:1;
0.7,6,blinker,3,36,
0.7,6,block,4,28,
0.7,6,beacon,8,1,
0.7,6,boat,5,4,
0.7,6,other,14,1,0:1;0:2;1:0;1:2;1:3;1:4;2:0;2:5;3:1;3:2;3:3;3:5;4:3;4:4;
0.7,6,loaf,7,4,
0.7,6,pond,8,2,
0.7,6,beehive,6,23,
0.7,7,blinker,3,30,
0.7,7,beacon part,3,2,
0.7,7,block,4,27,
0.7,7,boat,5,5,
0.7,7,ship,6,1,
0.7,7,loaf,7,5,
0.7,7,pond,8,2,
0.7,7,beehive,6,20,
0.7,7,other,8,1,0:1;1:0;1:2;2:1;2:3;3:2;3:4;4:3;
0.7,8,blinker,3,47,
0.7,8,block,4,30,
0.7,8,boat,5,8,
0.7,8,loaf,7,8,
0.7,8,pond,8,1,
0.7,8,beehive,6,12,
0.7,8,barge,6,1,
0.7,9,blinker,3,20,
0.7,9,block,4,38,
0.7,9,boat,5,10,
0.7,9,ship,6,2,
0.7,9,long boat,7,1,
0.7,9,loaf,7,7,
0.7,9,pond,8,2,
0.7,9,beehive,6,21,
0.7,10,blinker,3,35,
0.7,10,block,4,36,
0.7,10,boat,5,4,
0.7,10,long boat,7,1,
0.7,10,loaf,7,5,
0.7,10,pond,8,2,
0.7,10,beehive,6,15,
0.7,10,tub,4,1,
0.7,11,blinker,3,36,
0.7,11,block,4,40,
0.7,11,boat,5,6,
0.7,11,ship,6,1,
0.7,11,loaf,7,3,
0.7,11,pond,8,4,
0.7,11,beehive,6,8,
0.7,11,other,14,1,0:1;0:2;1:0;1:3;2:1;2:3;3:2;3:4;3:5;4:3;4:6;5:4;5:6;6:5;
0.7,11,tub,4,2,
0.8,0,block,4,2,
0.8,0,beehive,6,1,
0.8,1,blinker,3,1,
0.8,1,loaf,7,2,
0.8,1,beehive,6,2,
0.8,2,blinker,3,4,
0.8,2,block,4,2,
0.8,2,beehive,6,2,
0.8,2,tub,4,1,
0.8,3,blinker,3,5,
0.8,3,block,4,3,
0.8,3,beehive,6,1,
0.8,4,blinker,3,2,
0.8,4,block,4,1,
0.8,4,beehive,6,1,
0.8,5,blinker,3,1,
0.8,5,block,4,1,
0.8,5,loaf,7,1,
0.8,6,blinker,3,1,
0.8,6,block,4,2,
0.8,6,beehive,6,3,
0.8,7,blinker,3,7,
0.8,7,block,4,1,
0.8,7,loaf,7,1,
0.8,7,beehive,6,1,
0.8,7,tub,4,1,
0.8,8,blinker,3,2,
0.8,8,block,4,2,
0.8,8,pond,8,1,
0.8,8,beehive,6,1,
0.8,9,blinker,3,2,
0.8,9,block,4,1,
0.8,9,pond,8,2,
0.8,9,beehive,6,4,
0.8,10,blinker,3,2,
0.8,10,glider,5,1,
0.8,10,block,4,4,
0.8,10,beehive,6,5,
0.8,11,blinker,3,3,
0.8,11,block,4,1,
0.8,11,beehive,6,1,
