density,seed,first_repeat,period,initial_pop,final_pop
0.05,0,21,2,825,70
0.05,1,1214,512,824,177
0.05,2,9,2,839,74
0.05,3,599,2,833,125
0.05,4,113,2,846,94
0.05,5,13,2,811,55
0.05,6,7,2,808,46
0.05,7,13,2,762,91
0.05,8,936,512,848,117
0.05,9,4192,2,819,306
0.05,10,1747,2,799,385
0.05,11,7,2,832,41
0.1,0,1760,2,1669,463
0.1,1,878,2,1668,425
0.1,2,3877,2,1623,396
0.1,3,1305,2,1621,400
0.1,4,2751,2,1701,500
0.1,5,1939,2,1618,412
0.1,6,461,2,1640,398
0.1,7,5563,2,1560,500
0.1,8,2622,2,1647,467
0.1,9,2710,2,1668,418
0.1,10,3186,2,1632,516
0.1,11,1512,2,1630,348
0.15,0,3844,2,2515,496
0.15,1,2190,2,2501,473
0.15,2,4343,2,2427,536
0.15,3,1774,2,2491,492
0.15,4,1435,2,2523,448
0.15,5,2164,2,2451,502
0.15,6,3793,2,2452,356
0.15,7,896,2,2420,517
0.15,8,2380,2,2465,493
0.15,9,4739,2,2424,481
0.15,10,3455,2,2460,440
0.15,11,2713,2,2462,484
0.2,0,2302,2,3294,490
0.2,1,2280,2,3328,461
0.2,2,1392,2,3193,438
0.2,3,2070,2,3297,460
0.2,4,4754,2,3377,419
0.2,5,2607,2,3233,456
0.2,6,2179,2,3303,500
0.2,7,1280,2,3240,488
0.2,8,2273,2,3312,500
0.2,9,2688,2,3301,516
0.2,10,1614,2,3257,402
0.2,11,5450,2,3262,442
0.25,0,3200,2,4156,517
0.25,1,3719,2,4127,481
0.25,2,1253,2,3974,441
0.25,3,2655,2,4123,439
0.25,4,2598,2,4226,489
0.25,5,2365,2,4048,468
0.25,6,3052,2,4112,431
0.25,7,1521,2,4083,464
0.25,8,742,2,4134,452
0.25,9,3685,2,4164,462
0.25,10,3904,2,4068,434
0.25,11,1263,2,4099,484
0.3,0,890,2,5001,417
0.3,1,2500,2,4958,471
0.3,2,1131,2,4789,531
0.3,3,3141,2,4948,509
0.3,4,2702,2,5011,452
0.3,5,4417,2,4874,420
0.3,6,5106,2,4898,506
0.3,7,1923,2,4890,466
0.3,8,5390,2,4956,444
0.3,9,2572,2,4987,470
0.3,10,1213,2,4892,494
0.3,11,2889,2,4912,483
0.35,0,1016,2,5794,521
0.35,1,1338,2,5779,434
0.35,2,1646,2,5593,448
0.35,3,1129,2,5730,490
0.35,4,2263,2,5808,466
0.35,5,1493,2,5671,408
0.35,6,3678,2,5694,504
0.35,7,1459,2,5726,457
0.35,8,1368,2,5788,516
0.35,9,737,2,5850,483
0.35,10,1872,2,5700,448
0.35,11,1103,2,5721,498
0.4,0,1542,2,6578,518
0.4,1,2263,2,6572,404
0.4,2,1777,2,6417,480
0.4,3,856,2,6536,369
0.4,4,2100,2,6613,446
0.4,5,1778,2,6509,472
0.4,6,1951,2,6518,459
0.4,7,1901,2,6541,458
0.4,8,4919,2,6609,390
0.4,9,3722,2,6638,475
0.4,10,1504,2,6496,451
0.4,11,2349,2,6537,441
0.5,0,3586,2,8197,419
0.5,1,1799,2,8225,453
0.5,2,1974,2,8093,519
0.5,3,3325,2,8179,465
0.5,4,-1,-1,8223,552
0.5,5,2385,2,8173,476
0.5,6,765,2,8168,586
0.5,7,5583,2,8115,421
0.5,8,1223,2,8281,565
0.5,9,1190,2,8337,511
0.5,10,2317,2,8080,462
0.5,11,2688,2,8137,429
0.6,0,1354,2,9802,480
0.6,1,1302,2,9839,420
0.6,2,2747,2,9683,439
0.6,3,2649,2,9833,395
0.6,4,3398,2,9883,445
0.6,5,3111,2,9863,476
0.6,6,5143,2,9812,467
0.6,7,1593,2,9805,440
0.6,8,-1,-1,9921,639
0.6,9,2522,2,9892,421
0.6,10,1501,2,9727,479
0.6,11,1467,2,9818,452
0.7,0,-1,-1,11555,621
0.7,1,1083,2,11514,379
0.7,2,1959,2,11382,453
0.7,3,2194,2,11421,486
0.7,4,1338,2,11447,530
0.7,5,-1,-1,11513,719
0.7,6,906,2,11406,444
0.7,7,1003,2,11494,414
0.7,8,659,2,11522,443
0.7,9,5161,2,11528,472
0.7,10,2764,2,11389,421
0.7,11,1911,2,11410,427
0.8,0,30,1,13127,14
0.8,1,11,2,13173,29
0.8,2,13,2,13088,36
0.8,3,14,2,13026,33
0.8,4,7,2,13154,16
0.8,5,7,2,13095,14
0.8,6,8,2,13068,29
0.8,7,12,2,13130,42
0.8,8,8,2,13111,28
0.8,9,17,2,13127,50
0.8,10,532,512,13081,57
0.8,11,8,2,13028,19
