number,rule,birth_mask,survival_mask,n_birth,n_survival,category,trial,density,trial_category,period,first_repeat,final_pop,entropy
1,"B0,3,6,8,10,13,18,19,22,24/S0,1,2,3,5,6,7,8,9,12,14,18,21,23",21767497,10769391,10,14,chaotic,0,0.1,chaotic,-1,-1,5576,0.967455
1,"B0,3,6,8,10,13,18,19,22,24/S0,1,2,3,5,6,7,8,9,12,14,18,21,23",21767497,10769391,10,14,chaotic,1,0.2,chaotic,-1,-1,6044,0.968103
1,"B0,3,6,8,10,13,18,19,22,24/S0,1,2,3,5,6,7,8,9,12,14,18,21,23",21767497,10769391,10,14,chaotic,2,0.35,chaotic,-1,-1,5415,0.968347
2,"B0,1,3,4,5,6,9,11,14,16,18,19,21,22,23,24,25/S2,5,6,7,12,13,14,16,19,20,23",65882747,10055908,17,11,chaotic,0,0.1,chaotic,-1,-1,6507,0.985624
2,"B0,1,3,4,5,6,9,11,14,16,18,19,21,22,23,24,25/S2,5,6,7,12,13,14,16,19,20,23",65882747,10055908,17,11,chaotic,1,0.2,chaotic,-1,-1,6379,0.985581
2,"B0,1,3,4,5,6,9,11,14,16,18,19,21,22,23,24,25/S2,5,6,7,12,13,14,16,19,20,23",65882747,10055908,17,11,chaotic,2,0.35,chaotic,-1,-1,6288,0.985882
3,"B0,3,4,5,7,8,9,20,22,24,25,26/S1,8,10,12,14,15,16,17,19,20,22,23,26",122684345,81515778,12,13,chaotic,0,0.1,chaotic,-1,-1,5816,0.969739
3,"B0,3,4,5,7,8,9,20,22,24,25,26/S1,8,10,12,14,15,16,17,19,20,22,23,26",122684345,81515778,12,13,chaotic,1,0.2,chaotic,-1,-1,5648,0.969305
3,"B0,3,4,5,7,8,9,20,22,24,25,26/S1,8,10,12,14,15,16,17,19,20,22,23,26",122684345,81515778,12,13,chaotic,2,0.35,chaotic,-1,-1,5609,0.969509
4,"B0,3,6,9,10,11,13,14,15,17,18,19,21,22,23,24,25/S1,4,8,11,17,18,19,20,21,22",65990217,8259858,17,10,chaotic,0,0.1,chaotic,-1,-1,6717,0.993277
4,"B0,3,6,9,10,11,13,14,15,17,18,19,21,22,23,24,25/S1,4,8,11,17,18,19,20,21,22",65990217,8259858,17,10,chaotic,1,0.2,chaotic,-1,-1,6882,0.993341
4,"B0,3,6,9,10,11,13,14,15,17,18,19,21,22,23,24,25/S1,4,8,11,17,18,19,20,21,22",65990217,8259858,17,10,chaotic,2,0.35,chaotic,-1,-1,6837,0.993314
5,"B1,2,5,8,10,11,12,13,14,18,20,21,26/S1,3,4,5,7,8,12,14,15,16,17,23,24,26",70548774,92524986,13,14,chaotic,0,0.1,chaotic,-1,-1,8052,0.973462
5,"B1,2,5,8,10,11,12,13,14,18,20,21,26/S1,3,4,5,7,8,12,14,15,16,17,23,24,26",70548774,92524986,13,14,chaotic,1,0.2,chaotic,-1,-1,7936,0.973881
5,"B1,2,5,8,10,11,12,13,14,18,20,21,26/S1,3,4,5,7,8,12,14,15,16,17,23,24,26",70548774,92524986,13,14,chaotic,2,0.35,chaotic,-1,-1,7938,0.973534
6,"B1,5,6,9,10,11,12,13,16,17,21,23,24/S2,3,4,9,10,11,12,13,16,18,19,20,23,25",27475554,43859484,13,14,chaotic,0,0.1,chaotic,-1,-1,8103,0.969356
6,"B1,5,6,9,10,11,12,13,16,17,21,23,24/S2,3,4,9,10,11,12,13,16,18,19,20,23,25",27475554,43859484,13,14,chaotic,1,0.2,chaotic,-1,-1,7960,0.968766
6,"B1,5,6,9,10,11,12,13,16,17,21,23,24/S2,3,4,9,10,11,12,13,16,18,19,20,23,25",27475554,43859484,13,14,chaotic,2,0.35,chaotic,-1,-1,8077,0.968616
7,"B0,1,4,6,7,9,10,11,14,15,17,21,24,25,26/S6,8,9,15,17,18,19,23,26",119721683,76448576,15,9,chaotic,0,0.1,chaotic,-1,-1,6291,0.987103
7,"B0,1,4,6,7,9,10,11,14,15,17,21,24,25,26/S6,8,9,15,17,18,19,23,26",119721683,76448576,15,9,chaotic,1,0.2,chaotic,-1,-1,6465,0.986895
7,"B0,1,4,6,7,9,10,11,14,15,17,21,24,25,26/S6,8,9,15,17,18,19,23,26",119721683,76448576,15,9,chaotic,2,0.35,chaotic,-1,-1,6261,0.986703
8,"B1,3,8,10,12,13,14,15,21,24/S0,1,3,4,5,8,10,11,12,13,15,17,18,19,20,21",18937098,4111675,10,16,chaotic,0,0.1,chaotic,-1,-1,8359,0.95241
8,"B1,3,8,10,12,13,14,15,21,24/S0,1,3,4,5,8,10,11,12,13,15,17,18,19,20,21",18937098,4111675,10,16,chaotic,1,0.2,chaotic,-1,-1,8546,0.951987
8,"B1,3,8,10,12,13,14,15,21,24/S0,1,3,4,5,8,10,11,12,13,15,17,18,19,20,21",18937098,4111675,10,16,chaotic,2,0.35,chaotic,-1,-1,8586,0.952419
9,"B3,7,8,9,10,11,13,15,16,17,20,21,23/S0,2,4,7,10,11,12,13,15,18,19,23,26",11775880,76332181,13,13,chaotic,0,0.1,chaotic,-1,-1,8202,0.967987
9,"B3,7,8,9,10,11,13,15,16,17,20,21,23/S0,2,4,7,10,11,12,13,15,18,19,23,26",11775880,76332181,13,13,chaotic,1,0.2,chaotic,-1,-1,8174,0.967764
9,"B3,7,8,9,10,11,13,15,16,17,20,21,23/S0,2,4,7,10,11,12,13,15,18,19,23,26",11775880,76332181,13,13,chaotic,2,0.35,chaotic,-1,-1,8138,0.967333
10,"B1,5,13,14,15,16,20,21,22,24,26/S0,1,3,5,9,11,12,13,15,19,20,21,24,26",91349026,87603755,11,14,chaotic,0,0.1,chaotic,-1,-1,3299,0.76586
10,"B1,5,13,14,15,16,20,21,22,24,26/S0,1,3,5,9,11,12,13,15,19,20,21,24,26",91349026,87603755,11,14,chaotic,1,0.2,chaotic,-1,-1,3193,0.765594
10,"B1,5,13,14,15,16,20,21,22,24,26/S0,1,3,5,9,11,12,13,15,19,20,21,24,26",91349026,87603755,11,14,chaotic,2,0.35,chaotic,-1,-1,3193,0.765017
11,"B0,1,3,6,10,11,13,17,19,20,23,25,26/S0,1,2,5,6,8,12,15,16,17,19,23,24,26",110767179,93032807,13,14,chaotic,0,0.1,chaotic,-1,-1,5369,0.962106
11,"B0,1,3,6,10,11,13,17,19,20,23,25,26/S0,1,2,5,6,8,12,15,16,17,19,23,24,26",110767179,93032807,13,14,chaotic,1,0.2,chaotic,-1,-1,5585,0.962399
11,"B0,1,3,6,10,11,13,17,19,20,23,25,26/S0,1,2,5,6,8,12,15,16,17,19,23,24,26",110767179,93032807,13,14,chaotic,2,0.35,chaotic,-1,-1,5507,0.962343
12,"B1,4,6,7,9,11,12,14,19,20,22,26/S3,5,7,8,9,10,12,18,19,21,23,25",72899282,44832680,12,12,chaotic,0,0.1,chaotic,-1,-1,7779,0.942205
12,"B1,4,6,7,9,11,12,14,19,20,22,26/S3,5,7,8,9,10,12,18,19,21,23,25",72899282,44832680,12,12,chaotic,1,0.2,chaotic,-1,-1,4840,0.943487
12,"B1,4,6,7,9,11,12,14,19,20,22,26/S3,5,7,8,9,10,12,18,19,21,23,25",72899282,44832680,12,12,chaotic,2,0.35,chaotic,-1,-1,4648,0.940917
13,"B0,1,3,4,7,8,9,12,14,16,18,19,24,26/S0,2,4,5,10,13,14,15,17,18,22,24",84759451,21423157,14,12,chaotic,0,0.1,chaotic,-1,-1,7832,0.979974
13,"B0,1,3,4,7,8,9,12,14,16,18,19,24,26/S0,2,4,5,10,13,14,15,17,18,22,24",84759451,21423157,14,12,chaotic,1,0.2,chaotic,-1,-1,7769,0.980484
13,"B0,1,3,4,7,8,9,12,14,16,18,19,24,26/S0,2,4,5,10,13,14,15,17,18,22,24",84759451,21423157,14,12,chaotic,2,0.35,chaotic,-1,-1,7861,0.979981
14,"B1,2,3,4,7,8,11,12,15,16,19,22/S2,8,10,11,13,14,16,17,19,20,21,24,25,26",4823454,121335044,12,14,chaotic,0,0.1,chaotic,-1,-1,8230,0.970331
14,"B1,2,3,4,7,8,11,12,15,16,19,22/S2,8,10,11,13,14,16,17,19,20,21,24,25,26",4823454,121335044,12,14,chaotic,1,0.2,chaotic,-1,-1,8171,0.970294
14,"B1,2,3,4,7,8,11,12,15,16,19,22/S2,8,10,11,13,14,16,17,19,20,21,24,25,26",4823454,121335044,12,14,chaotic,2,0.35,chaotic,-1,-1,8134,0.970089
15,"B0,1,3,6,11,14,15,18,20,21/S6,7,9,10,15,17,20,21,22,23",3459147,15894208,10,10,chaotic,0,0.1,chaotic,-1,-1,4502,0.905455
15,"B0,1,3,6,11,14,15,18,20,21/S6,7,9,10,15,17,20,21,22,23",3459147,15894208,10,10,chaotic,1,0.2,chaotic,-1,-1,4550,0.906109
15,"B0,1,3,6,11,14,15,18,20,21/S6,7,9,10,15,17,20,21,22,23",3459147,15894208,10,10,chaotic,2,0.35,chaotic,-1,-1,4495,0.906144
16,"B0,3,4,5,8,12,14,15,16,20,21,24,25,26/S1,3,4,5,7,8,11,12,13,14,15,17,18,21,24,25",120705337,52885946,14,16,chaotic,0,0.1,chaotic,-1,-1,8276,0.956903
16,"B0,3,4,5,8,12,14,15,16,20,21,24,25,26/S1,3,4,5,7,8,11,12,13,14,15,17,18,21,24,25",120705337,52885946,14,16,chaotic,1,0.2,chaotic,-1,-1,8410,0.957035
16,"B0,3,4,5,8,12,14,15,16,20,21,24,25,26/S1,3,4,5,7,8,11,12,13,14,15,17,18,21,24,25",120705337,52885946,14,16,chaotic,2,0.35,chaotic,-1,-1,8288,0.956592
17,"B6,7,8,11,16,17,18,20,21,23,24,25/S0,1,5,6,8,10,12,13,15,18,20,21,22,24,25,26",62327232,125089123,12,16,chaotic,0,0.1,chaotic,-1,-1,6132,0.980674
17,"B6,7,8,11,16,17,18,20,21,23,24,25/S0,1,5,6,8,10,12,13,15,18,20,21,22,24,25,26",62327232,125089123,12,16,chaotic,1,0.2,chaotic,-1,-1,6035,0.98068
17,"B6,7,8,11,16,17,18,20,21,23,24,25/S0,1,5,6,8,10,12,13,15,18,20,21,22,24,25,26",62327232,125089123,12,16,chaotic,2,0.35,chaotic,-1,-1,5906,0.980272
18,"B0,1,3,4,5,7,10,15,16,23,24/S1,7,8,9,12,13,14,17,19,22,25,26",25265339,105542530,11,12,chaotic,0,0.1,chaotic,-1,-1,5653,0.969207
18,"B0,1,3,4,5,7,10,15,16,23,24/S1,7,8,9,12,13,14,17,19,22,25,26",25265339,105542530,11,12,chaotic,1,0.2,chaotic,-1,-1,5747,0.969476
18,"B0,1,3,4,5,7,10,15,16,23,24/S1,7,8,9,12,13,14,17,19,22,25,26",25265339,105542530,11,12,chaotic,2,0.35,chaotic,-1,-1,5601,0.969497
19,"B0,1,3,5,6,9,10,13,18,21,22,23,26/S5,6,7,9,13,15,17,19,23,24,26",82060907,92971744,13,11,chaotic,0,0.1,chaotic,-1,-1,5705,0.968208
19,"B0,1,3,5,6,9,10,13,18,21,22,23,26/S5,6,7,9,13,15,17,19,23,24,26",82060907,92971744,13,11,chaotic,1,0.2,chaotic,-1,-1,5608,0.968474
19,"B0,1,3,5,6,9,10,13,18,21,22,23,26/S5,6,7,9,13,15,17,19,23,24,26",82060907,92971744,13,11,chaotic,2,0.35,chaotic,-1,-1,5849,0.96854
20,"B0,2,3,4,7,9,10,11,12,14,16,17,18,19,23,24,26/S0,2,5,6,8,9,10,11,14,16,17,18,22,24,25",93281949,55005029,17,15,chaotic,0,0.1,chaotic,-1,-1,8520,0.951521
20,"B0,2,3,4,7,9,10,11,12,14,16,17,18,19,23,24,26/S0,2,5,6,8,9,10,11,14,16,17,18,22,24,25",93281949,55005029,17,15,chaotic,1,0.2,chaotic,-1,-1,8471,0.951599
20,"B0,2,3,4,7,9,10,11,12,14,16,17,18,19,23,24,26/S0,2,5,6,8,9,10,11,14,16,17,18,22,24,25",93281949,55005029,17,15,chaotic,2,0.35,chaotic,-1,-1,8659,0.951105
21,"B5,6,7,13,14,15,16,20,21,23,26/S1,2,6,9,10,11,12,13,14,16,20,22,23",78766304,13729350,11,13,chaotic,0,0.1,chaotic,-1,-1,7560,0.97848
21,"B5,6,7,13,14,15,16,20,21,23,26/S1,2,6,9,10,11,12,13,14,16,20,22,23",78766304,13729350,11,13,chaotic,1,0.2,chaotic,-1,-1,7713,0.978927
21,"B5,6,7,13,14,15,16,20,21,23,26/S1,2,6,9,10,11,12,13,14,16,20,22,23",78766304,13729350,11,13,chaotic,2,0.35,chaotic,-1,-1,7785,0.979183
22,"B0,1,2,6,9,10,12,15,18,23,24,26/S1,2,4,6,7,8,13,14,15,18,19,22,23,24,25,26",92575303,130867670,12,16,chaotic,0,0.1,chaotic,-1,-1,6239,0.984686
22,"B0,1,2,6,9,10,12,15,18,23,24,26/S1,2,4,6,7,8,13,14,15,18,19,22,23,24,25,26",92575303,130867670,12,16,chaotic,1,0.2,chaotic,-1,-1,6166,0.984479
22,"B0,1,2,6,9,10,12,15,18,23,24,26/S1,2,4,6,7,8,13,14,15,18,19,22,23,24,25,26",92575303,130867670,12,16,chaotic,2,0.35,chaotic,-1,-1,6153,0.984378
23,"B0,2,3,5,7,9,10,13,17,18,19,20,21,24/S0,1,4,5,6,8,10,11,14,16,19,21,22,23,24,25,26",20850349,132730227,14,17,chaotic,0,0.1,chaotic,-1,-1,6270,0.985863
23,"B0,2,3,5,7,9,10,13,17,18,19,20,21,24/S0,1,4,5,6,8,10,11,14,16,19,21,22,23,24,25,26",20850349,132730227,14,17,chaotic,1,0.2,chaotic,-1,-1,6314,0.985496
23,"B0,2,3,5,7,9,10,13,17,18,19,20,21,24/S0,1,4,5,6,8,10,11,14,16,19,21,22,23,24,25,26",20850349,132730227,14,17,chaotic,2,0.35,chaotic,-1,-1,6322,0.985347
24,"B3,4,5,7,10,12,22,23,25/S1,5,6,7,10,11,12,14,16,18,20,22",46142648,5594338,9,12,chaotic,0,0.1,chaotic,-1,-1,6121,0.98587
24,"B3,4,5,7,10,12,22,23,25/S1,5,6,7,10,11,12,14,16,18,20,22",46142648,5594338,9,12,chaotic,1,0.2,chaotic,-1,-1,6157,0.986109
24,"B3,4,5,7,10,12,22,23,25/S1,5,6,7,10,11,12,14,16,18,20,22",46142648,5594338,9,12,chaotic,2,0.35,chaotic,-1,-1,6192,0.986052
25,"B1,9,10,15,16,18,19,20,25,26/S0,4,5,7,13,14,16,18,20",102598146,1401009,10,9,chaotic,0,0.1,chaotic,-1,-1,2357,0.637165
25,"B1,9,10,15,16,18,19,20,25,26/S0,4,5,7,13,14,16,18,20",102598146,1401009,10,9,chaotic,1,0.2,chaotic,-1,-1,2236,0.636572
25,"B1,9,10,15,16,18,19,20,25,26/S0,4,5,7,13,14,16,18,20",102598146,1401009,10,9,chaotic,2,0.35,chaotic,-1,-1,2321,0.637495
26,"B5,8,9,11,12,13,19,20,22,23/S0,2,5,8,9,10,12,13,16,17,22,23,25",14170912,46348069,10,13,chaotic,0,0.1,chaotic,-1,-1,6634,0.97579
26,"B5,8,9,11,12,13,19,20,22,23/S0,2,5,8,9,10,12,13,16,17,22,23,25",14170912,46348069,10,13,chaotic,1,0.2,chaotic,-1,-1,6456,0.974805
26,"B5,8,9,11,12,13,19,20,22,23/S0,2,5,8,9,10,12,13,16,17,22,23,25",14170912,46348069,10,13,chaotic,2,0.35,chaotic,-1,-1,7007,0.977793
27,"B1,2,8,10,11,13,14,17,18,19,20,21,22,24,25/S0,1,2,3,4,5,6,7,9,10,11,13,14,19,21,22,23,26",58617094,82341631,15,18,chaotic,0,0.1,chaotic,-1,-1,7718,0.982681
27,"B1,2,8,10,11,13,14,17,18,19,20,21,22,24,25/S0,1,2,3,4,5,6,7,9,10,11,13,14,19,21,22,23,26",58617094,82341631,15,18,chaotic,1,0.2,chaotic,-1,-1,7313,0.982401
27,"B1,2,8,10,11,13,14,17,18,19,20,21,22,24,25/S0,1,2,3,4,5,6,7,9,10,11,13,14,19,21,22,23,26",58617094,82341631,15,18,chaotic,2,0.35,chaotic,-1,-1,7330,0.983221
28,"B0,1,3,5,6,9,11,13,14,15,19,21,23,24,25,26/S0,1,2,4,5,6,12,14,15,16,17,18,21,22,26",128510571,73912439,16,15,chaotic,0,0.1,chaotic,-1,-1,8745,0.941979
28,"B0,1,3,5,6,9,11,13,14,15,19,21,23,24,25,26/S0,1,2,4,5,6,12,14,15,16,17,18,21,22,26",128510571,73912439,16,15,chaotic,1,0.2,chaotic,-1,-1,8720,0.941014
28,"B0,1,3,5,6,9,11,13,14,15,19,21,23,24,25,26/S0,1,2,4,5,6,12,14,15,16,17,18,21,22,26",128510571,73912439,16,15,chaotic,2,0.35,chaotic,-1,-1,8810,0.94108
29,"B1,3,5,7,10,13,16,18,19,21,22,23/S3,7,8,10,11,17,18,19,20,23,25",15541418,43912584,12,11,chaotic,0,0.1,chaotic,-1,-1,5480,0.963336
29,"B1,3,5,7,10,13,16,18,19,21,22,23/S3,7,8,10,11,17,18,19,20,23,25",15541418,43912584,12,11,chaotic,1,0.2,chaotic,-1,-1,5610,0.963451
29,"B1,3,5,7,10,13,16,18,19,21,22,23/S3,7,8,10,11,17,18,19,20,23,25",15541418,43912584,12,11,chaotic,2,0.35,chaotic,-1,-1,5532,0.963052
30,"B1,2,3,5,6,9,10,17,19,20,23/S0,1,3,4,5,6,14,15,17,18,20,23,24,25",10094190,60211323,11,14,chaotic,0,0.1,chaotic,-1,-1,5049,0.935873
30,"B1,2,3,5,6,9,10,17,19,20,23/S0,1,3,4,5,6,14,15,17,18,20,23,24,25",10094190,60211323,11,14,chaotic,1,0.2,chaotic,-1,-1,5300,0.936495
30,"B1,2,3,5,6,9,10,17,19,20,23/S0,1,3,4,5,6,14,15,17,18,20,23,24,25",10094190,60211323,11,14,chaotic,2,0.35,chaotic,-1,-1,5272,0.936207
31,"B3,4,6,7,13,15,16,17,18,19,24,25,26/S0,1,4,6,11,17,24,25,26",118464728,117573715,13,9,chaotic,0,0.1,chaotic,-1,-1,4798,0.911054
31,"B3,4,6,7,13,15,16,17,18,19,24,25,26/S0,1,4,6,11,17,24,25,26",118464728,117573715,13,9,chaotic,1,0.2,chaotic,-1,-1,4341,0.91031
31,"B3,4,6,7,13,15,16,17,18,19,24,25,26/S0,1,4,6,11,17,24,25,26",118464728,117573715,13,9,chaotic,2,0.35,chaotic,-1,-1,4709,0.910332
32,"B0,6,7,10,11,14,15,16,17,18,19,20,25/S1,4,6,8,10,12,15,25",35638465,33592658,13,8,chaotic,0,0.1,chaotic,-1,-1,6882,0.994198
32,"B0,6,7,10,11,14,15,16,17,18,19,20,25/S1,4,6,8,10,12,15,25",35638465,33592658,13,8,chaotic,1,0.2,chaotic,-1,-1,6980,0.994287
32,"B0,6,7,10,11,14,15,16,17,18,19,20,25/S1,4,6,8,10,12,15,25",35638465,33592658,13,8,chaotic,2,0.35,chaotic,-1,-1,6768,0.994228
33,"B1,4,5,7,8,11,12,16,17,18,25/S0,1,4,10,15,18,20,22,23,24",34019762,30704659,11,10,chaotic,0,0.1,chaotic,-1,-1,5265,0.953868
33,"B1,4,5,7,8,11,12,16,17,18,25/S0,1,4,10,15,18,20,22,23,24",34019762,30704659,11,10,chaotic,1,0.2,chaotic,-1,-1,5248,0.953749
33,"B1,4,5,7,8,11,12,16,17,18,25/S0,1,4,10,15,18,20,22,23,24",34019762,30704659,11,10,chaotic,2,0.35,chaotic,-1,-1,5323,0.954142
34,"B3,5,11,12,15,17,18,19,23,24,26/S0,3,6,9,11,13,15,16,17,20,21,24,26",93231144,87272009,11,13,chaotic,0,0.1,chaotic,-1,-1,3976,0.861557
34,"B3,5,11,12,15,17,18,19,23,24,26/S0,3,6,9,11,13,15,16,17,20,21,24,26",93231144,87272009,11,13,chaotic,1,0.2,chaotic,-1,-1,3938,0.861548
34,"B3,5,11,12,15,17,18,19,23,24,26/S0,3,6,9,11,13,15,16,17,20,21,24,26",93231144,87272009,11,13,chaotic,2,0.35,chaotic,-1,-1,4052,0.862809
35,"B1,3,4,5,8,9,11,14,15,17,19,21,22,23,24/S1,3,4,8,10,11,14,15,16,17,21,24,26",32164666,86232346,15,13,chaotic,0,0.1,chaotic,-1,-1,8010,0.973344
35,"B1,3,4,5,8,9,11,14,15,17,19,21,22,23,24/S1,3,4,8,10,11,14,15,16,17,21,24,26",32164666,86232346,15,13,chaotic,1,0.2,chaotic,-1,-1,8141,0.973273
35,"B1,3,4,5,8,9,11,14,15,17,19,21,22,23,24/S1,3,4,8,10,11,14,15,16,17,21,24,26",32164666,86232346,15,13,chaotic,2,0.35,chaotic,-1,-1,8102,0.973367
36,"B3,6,8,10,14,15,18,22,23,24,26/S0,1,2,4,7,8,9,10,11,12,14,15,16,20,23,24",96781640,26337175,11,16,chaotic,0,0.1,chaotic,-1,-1,7488,0.984425
36,"B3,6,8,10,14,15,18,22,23,24,26/S0,1,2,4,7,8,9,10,11,12,14,15,16,20,23,24",96781640,26337175,11,16,chaotic,1,0.2,chaotic,-1,-1,7503,0.984332
36,"B3,6,8,10,14,15,18,22,23,24,26/S0,1,2,4,7,8,9,10,11,12,14,15,16,20,23,24",96781640,26337175,11,16,chaotic,2,0.35,chaotic,-1,-1,7570,0.9847
37,"B1,2,5,7,8,10,11,12,13,18,19,22,24/S0,3,6,7,8,10,11,15,17,18,19,20,23,24,25,26",21773734,127831497,13,16,chaotic,0,0.1,chaotic,-1,-1,7118,0.986349
37,"B1,2,5,7,8,10,11,12,13,18,19,22,24/S0,3,6,7,8,10,11,15,17,18,19,20,23,24,25,26",21773734,127831497,13,16,chaotic,1,0.2,chaotic,-1,-1,7230,0.986036
37,"B1,2,5,7,8,10,11,12,13,18,19,22,24/S0,3,6,7,8,10,11,15,17,18,19,20,23,24,25,26",21773734,127831497,13,16,chaotic,2,0.35,chaotic,-1,-1,7230,0.986046
38,"B0,1,2,3,6,11,14,15,22,25,26/S0,6,10,13,14,24",104908879,16802881,11,6,chaotic,0,0.1,chaotic,-1,-1,3754,0.839115
38,"B0,1,2,3,6,11,14,15,22,25,26/S0,6,10,13,14,24",104908879,16802881,11,6,chaotic,1,0.2,chaotic,-1,-1,3737,0.839794
38,"B0,1,2,3,6,11,14,15,22,25,26/S0,6,10,13,14,24",104908879,16802881,11,6,chaotic,2,0.35,chaotic,-1,-1,3703,0.839115
39,"B1,3,6,7,13,15,17,18,19,20,21,24/S0,2,3,4,6,7,9,10,13,15,16,17,18,20,21,22,24,25,26",20881610,125282013,12,19,chaotic,0,0.1,chaotic,-1,-1,5119,0.947053
39,"B1,3,6,7,13,15,17,18,19,20,21,24/S0,2,3,4,6,7,9,10,13,15,16,17,18,20,21,22,24,25,26",20881610,125282013,12,19,chaotic,1,0.2,chaotic,-1,-1,5226,0.947738
39,"B1,3,6,7,13,15,17,18,19,20,21,24/S0,2,3,4,6,7,9,10,13,15,16,17,18,20,21,22,24,25,26",20881610,125282013,12,19,chaotic,2,0.35,chaotic,-1,-1,5147,0.94777
40,"B0,1,2,3,4,5,6,11,14,16,17,19,24/S0,2,4,5,6,10,13,16,17,19,20",17516671,1778805,13,11,chaotic,0,0.1,oscillating,2,12,0,-1
40,"B0,1,2,3,4,5,6,11,14,16,17,19,24/S0,2,4,5,6,10,13,16,17,19,20",17516671,1778805,13,11,chaotic,1,0.2,chaotic,-1,-1,5342,0.93403
40,"B0,1,2,3,4,5,6,11,14,16,17,19,24/S0,2,4,5,6,10,13,16,17,19,20",17516671,1778805,13,11,chaotic,2,0.35,chaotic,-1,-1,5077,0.933064
41,"B0,1,3,7,8,11,16,17,19,20,22,23,25/S7,8,9,11,12,13,15,17,18,19,21",47909259,3062656,13,11,chaotic,0,0.1,chaotic,-1,-1,6601,0.993409
41,"B0,1,3,7,8,11,16,17,19,20,22,23,25/S7,8,9,11,12,13,15,17,18,19,21",47909259,3062656,13,11,chaotic,1,0.2,chaotic,-1,-1,6743,0.993332
41,"B0,1,3,7,8,11,16,17,19,20,22,23,25/S7,8,9,11,12,13,15,17,18,19,21",47909259,3062656,13,11,chaotic,2,0.35,chaotic,-1,-1,6721,0.993466
42,"B1,5,6,7,14,15,16,23,24,26/S1,2,3,5,7,10,11,12,13,15,17,20,23,24",92389602,26393774,10,14,chaotic,0,0.1,chaotic,-1,-1,6115,0.981146
42,"B1,5,6,7,14,15,16,23,24,26/S1,2,3,5,7,10,11,12,13,15,17,20,23,24",92389602,26393774,10,14,chaotic,1,0.2,chaotic,-1,-1,6167,0.980801
42,"B1,5,6,7,14,15,16,23,24,26/S1,2,3,5,7,10,11,12,13,15,17,20,23,24",92389602,26393774,10,14,chaotic,2,0.35,chaotic,-1,-1,6219,0.980426
43,"B0,1,3,11,15,17,18,19,22,24,25/S1,7,8,12,13,16,18,25,26",55478283,101003650,11,9,chaotic,0,0.1,chaotic,-1,-1,3009,0.755474
43,"B0,1,3,11,15,17,18,19,22,24,25/S1,7,8,12,13,16,18,25,26",55478283,101003650,11,9,chaotic,1,0.2,chaotic,-1,-1,3162,0.756772
43,"B0,1,3,11,15,17,18,19,22,24,25/S1,7,8,12,13,16,18,25,26",55478283,101003650,11,9,chaotic,2,0.35,chaotic,-1,-1,3157,0.756458
44,"B0,3,7,8,10,11,13,18,19,20,21,22,23,24,25/S0,2,5,6,7,8,9,11,12,15,16,20,21,22,26",66858377,74554341,15,15,chaotic,0,0.1,chaotic,-1,-1,6969,0.98773
44,"B0,3,7,8,10,11,13,18,19,20,21,22,23,24,25/S0,2,5,6,7,8,9,11,12,15,16,20,21,22,26",66858377,74554341,15,15,chaotic,1,0.2,chaotic,-1,-1,6968,0.987265
44,"B0,3,7,8,10,11,13,18,19,20,21,22,23,24,25/S0,2,5,6,7,8,9,11,12,15,16,20,21,22,26",66858377,74554341,15,15,chaotic,2,0.35,chaotic,-1,-1,6814,0.987161
45,"B5,6,7,10,12,14,17,18,20,22,23,25,26/S0,2,3,4,8,9,10,13,16,17,18,19,21,22,24,25",114709728,57616157,13,16,chaotic,0,0.1,chaotic,-1,-1,6388,0.989983
45,"B5,6,7,10,12,14,17,18,20,22,23,25,26/S0,2,3,4,8,9,10,13,16,17,18,19,21,22,24,25",114709728,57616157,13,16,chaotic,1,0.2,chaotic,-1,-1,6522,0.989851
45,"B5,6,7,10,12,14,17,18,20,22,23,25,26/S0,2,3,4,8,9,10,13,16,17,18,19,21,22,24,25",114709728,57616157,13,16,chaotic,2,0.35,chaotic,-1,-1,6471,0.989875
46,"B0,1,2,3,4,10,11,12,14,18,19,20,21,22,23,24,25/S2,3,6,7,8,10,12,13,14,15,16,18,19,20,22,24",66870303,22934988,17,16,chaotic,0,0.1,chaotic,-1,-1,9673,0.866993
46,"B0,1,2,3,4,10,11,12,14,18,19,20,21,22,23,24,25/S2,3,6,7,8,10,12,13,14,15,16,18,19,20,22,24",66870303,22934988,17,16,chaotic,1,0.2,chaotic,-1,-1,9780,0.866393
46,"B0,1,2,3,4,10,11,12,14,18,19,20,21,22,23,24,25/S2,3,6,7,8,10,12,13,14,15,16,18,19,20,22,24",66870303,22934988,17,16,chaotic,2,0.35,chaotic,-1,-1,9672,0.864313
47,"B0,1,5,7,12,13,14,15,18,19,20,23,24,26/S3,8,9,11,12,15,17,18,19,22,23,25",94171299,47094536,14,12,chaotic,0,0.1,chaotic,-1,-1,8114,0.970648
47,"B0,1,5,7,12,13,14,15,18,19,20,23,24,26/S3,8,9,11,12,15,17,18,19,22,23,25",94171299,47094536,14,12,chaotic,1,0.2,chaotic,-1,-1,7968,0.971
47,"B0,1,5,7,12,13,14,15,18,19,20,23,24,26/S3,8,9,11,12,15,17,18,19,22,23,25",94171299,47094536,14,12,chaotic,2,0.35,chaotic,-1,-1,8245,0.971448
48,"B3,4,5,6,9,11,12,13,15,18,19,20,21,22,26/S0,1,5,6,9,10,12,14,15,16,18,20,21,22,24,25",75283064,58054243,15,16,chaotic,0,0.1,chaotic,-1,-1,8869,0.942538
48,"B3,4,5,6,9,11,12,13,15,18,19,20,21,22,26/S0,1,5,6,9,10,12,14,15,16,18,20,21,22,24,25",75283064,58054243,15,16,chaotic,1,0.2,chaotic,-1,-1,8829,0.942442
48,"B3,4,5,6,9,11,12,13,15,18,19,20,21,22,26/S0,1,5,6,9,10,12,14,15,16,18,20,21,22,24,25",75283064,58054243,15,16,chaotic,2,0.35,chaotic,-1,-1,8786,0.942012
49,"B3,5,9,11,15,17,18,23,24/S0,1,4,5,8,9,14,17,19,20,21,23,24,26",25594408,96092979,9,14,chaotic,0,0.1,chaotic,-1,-1,4913,0.928725
49,"B3,5,9,11,15,17,18,23,24/S0,1,4,5,8,9,14,17,19,20,21,23,24,26",25594408,96092979,9,14,chaotic,1,0.2,chaotic,-1,-1,4868,0.929199
49,"B3,5,9,11,15,17,18,23,24/S0,1,4,5,8,9,14,17,19,20,21,23,24,26",25594408,96092979,9,14,chaotic,2,0.35,chaotic,-1,-1,4867,0.929316
50,"B0,1,2,3,8,10,13,15,20,23,24,26/S2,3,4,6,7,8,10,16,19,20,21,22,23",93365519,16319964,12,13,chaotic,0,0.1,chaotic,-1,-1,5314,0.949474
50,"B0,1,2,3,8,10,13,15,20,23,24,26/S2,3,4,6,7,8,10,16,19,20,21,22,23",93365519,16319964,12,13,chaotic,1,0.2,chaotic,-1,-1,5237,0.949375
50,"B0,1,2,3,8,10,13,15,20,23,24,26/S2,3,4,6,7,8,10,16,19,20,21,22,23",93365519,16319964,12,13,chaotic,2,0.35,chaotic,-1,-1,5251,0.948719
51,"B0,4,7,9,13,16,18,20,21,22,23,25,26/S2,3,4,8,13,16,18,19,20,21,22,23,24,26",116728465,100475164,13,14,chaotic,0,0.1,chaotic,-1,-1,4458,0.897416
51,"B0,4,7,9,13,16,18,20,21,22,23,25,26/S2,3,4,8,13,16,18,19,20,21,22,23,24,26",116728465,100475164,13,14,chaotic,1,0.2,chaotic,-1,-1,4419,0.896771
51,"B0,4,7,9,13,16,18,20,21,22,23,25,26/S2,3,4,8,13,16,18,19,20,21,22,23,24,26",116728465,100475164,13,14,chaotic,2,0.35,chaotic,-1,-1,4396,0.897327
52,"B1,2,6,7,10,11,12,13,16,17,19,21,23,24,26/S1,3,4,5,10,11,13,16,23,24",95108294,25242682,15,10,chaotic,0,0.1,chaotic,-1,-1,6930,0.988575
52,"B1,2,6,7,10,11,12,13,16,17,19,21,23,24,26/S1,3,4,5,10,11,13,16,23,24",95108294,25242682,15,10,chaotic,1,0.2,chaotic,-1,-1,7127,0.988627
52,"B1,2,6,7,10,11,12,13,16,17,19,21,23,24,26/S1,3,4,5,10,11,13,16,23,24",95108294,25242682,15,10,chaotic,2,0.35,chaotic,-1,-1,7031,0.988502
53,"B0,4,5,8,10,12,17,18,19,20,22,26/S2,11,14,15,21,22,23",73274673,14731268,12,7,chaotic,0,0.1,chaotic,-1,-1,4651,0.91138
53,"B0,4,5,8,10,12,17,18,19,20,22,26/S2,11,14,15,21,22,23",73274673,14731268,12,7,chaotic,1,0.2,chaotic,-1,-1,4584,0.910929
53,"B0,4,5,8,10,12,17,18,19,20,22,26/S2,11,14,15,21,22,23",73274673,14731268,12,7,chaotic,2,0.35,chaotic,-1,-1,4647,0.91199
54,"B0,1,2,3,4,5,6,7,8,10,11,17,18,24,25/S0,1,3,5,6,9,10,11,12,13,15,18,21,22,23,26",50728447,82099819,15,16,chaotic,0,0.1,chaotic,-1,-1,6729,0.988567
54,"B0,1,2,3,4,5,6,7,8,10,11,17,18,24,25/S0,1,3,5,6,9,10,11,12,13,15,18,21,22,23,26",50728447,82099819,15,16,chaotic,1,0.2,chaotic,-1,-1,7181,0.989102
54,"B0,1,2,3,4,5,6,7,8,10,11,17,18,24,25/S0,1,3,5,6,9,10,11,12,13,15,18,21,22,23,26",50728447,82099819,15,16,chaotic,2,0.35,chaotic,-1,-1,7257,0.986908
55,"B1,2,5,6,7,9,10,13,15,16,20,24,26/S0,2,4,11,12,14,17,19,20,21,22,23,24,25",85042918,66738197,13,14,chaotic,0,0.1,chaotic,-1,-1,6622,0.992265
55,"B1,2,5,6,7,9,10,13,15,16,20,24,26/S0,2,4,11,12,14,17,19,20,21,22,23,24,25",85042918,66738197,13,14,chaotic,1,0.2,chaotic,-1,-1,6748,0.992144
55,"B1,2,5,6,7,9,10,13,15,16,20,24,26/S0,2,4,11,12,14,17,19,20,21,22,23,24,25",85042918,66738197,13,14,chaotic,2,0.35,chaotic,-1,-1,6616,0.992135
56,"B2,3,5,8,9,10,11,13,14,15,16,18,24,26/S0,2,5,6,7,8,9,10,14,15,16,17,24",84274988,17024997,14,13,chaotic,0,0.1,chaotic,-1,-1,8135,0.963471
56,"B2,3,5,8,9,10,11,13,14,15,16,18,24,26/S0,2,5,6,7,8,9,10,14,15,16,17,24",84274988,17024997,14,13,chaotic,1,0.2,chaotic,-1,-1,8006,0.963879
56,"B2,3,5,8,9,10,11,13,14,15,16,18,24,26/S0,2,5,6,7,8,9,10,14,15,16,17,24",84274988,17024997,14,13,chaotic,2,0.35,chaotic,-1,-1,8124,0.963872
57,"B0,1,2,3,5,10,12,14,15,16,17,19,20,22,23,25,26/S0,1,2,3,4,5,8,10,11,12,14,16,17,18,19,20,21,22,23,25",115069999,50289983,17,20,chaotic,0,0.1,chaotic,-1,-1,11328,0.679494
57,"B0,1,2,3,5,10,12,14,15,16,17,19,20,22,23,25,26/S0,1,2,3,4,5,8,10,11,12,14,16,17,18,19,20,21,22,23,25",115069999,50289983,17,20,chaotic,1,0.2,chaotic,-1,-1,11287,0.680715
57,"B0,1,2,3,5,10,12,14,15,16,17,19,20,22,23,25,26/S0,1,2,3,4,5,8,10,11,12,14,16,17,18,19,20,21,22,23,25",115069999,50289983,17,20,chaotic,2,0.35,chaotic,-1,-1,11424,0.679747
58,"B2,4,8,10,13,14,18,19,21,22,23,24,26/S0,1,2,3,6,9,10,12,13,14,15,19,21,22,23",99378452,15267407,13,15,chaotic,0,0.1,chaotic,-1,-1,7452,0.987739
58,"B2,4,8,10,13,14,18,19,21,22,23,24,26/S0,1,2,3,6,9,10,12,13,14,15,19,21,22,23",99378452,15267407,13,15,chaotic,1,0.2,chaotic,-1,-1,7422,0.987862
58,"B2,4,8,10,13,14,18,19,21,22,23,24,26/S0,1,2,3,6,9,10,12,13,14,15,19,21,22,23",99378452,15267407,13,15,chaotic,2,0.35,chaotic,-1,-1,7280,0.987704
59,"B0,2,6,9,10,12,13,14,16,18,19,20,22,23,24,26/S0,3,5,9,13,14,16,20,21,23,26",98399813,78733865,16,11,chaotic,0,0.1,chaotic,-1,-1,7650,0.986377
59,"B0,2,6,9,10,12,13,14,16,18,19,20,22,23,24,26/S0,3,5,9,13,14,16,20,21,23,26",98399813,78733865,16,11,chaotic,1,0.2,chaotic,-1,-1,7574,0.98645
59,"B0,2,6,9,10,12,13,14,16,18,19,20,22,23,24,26/S0,3,5,9,13,14,16,20,21,23,26",98399813,78733865,16,11,chaotic,2,0.35,chaotic,-1,-1,7644,0.986238
60,"B2,4,5,9,10,11,13,14,16,18,20,23,26/S0,3,5,7,11,12,14,15,16,18,20,21,23,24,26",76901940,95803561,13,15,chaotic,0,0.1,chaotic,-1,-1,8653,0.950662
60,"B2,4,5,9,10,11,13,14,16,18,20,23,26/S0,3,5,7,11,12,14,15,16,18,20,21,23,24,26",76901940,95803561,13,15,chaotic,1,0.2,chaotic,-1,-1,8582,0.950777
60,"B2,4,5,9,10,11,13,14,16,18,20,23,26/S0,3,5,7,11,12,14,15,16,18,20,21,23,24,26",76901940,95803561,13,15,chaotic,2,0.35,chaotic,-1,-1,8618,0.95098
61,"B2,6,10,11,12,13,14,15,17,19,21,23/S1,4,7,12,15,16,19,21,22,24,26",11205700,90804370,12,11,chaotic,0,0.1,chaotic,-1,-1,7784,0.980337
61,"B2,6,10,11,12,13,14,15,17,19,21,23/S1,4,7,12,15,16,19,21,22,24,26",11205700,90804370,12,11,chaotic,1,0.2,chaotic,-1,-1,7758,0.980621
61,"B2,6,10,11,12,13,14,15,17,19,21,23/S1,4,7,12,15,16,19,21,22,24,26",11205700,90804370,12,11,chaotic,2,0.35,chaotic,-1,-1,7869,0.980647
62,"B0,2,4,5,6,9,10,12,13,14,15,16,20,21,24,25/S1,2,3,5,7,9,11,13,16,17,25",53606005,33761966,16,11,chaotic,0,0.1,chaotic,-1,-1,7561,0.981725
62,"B0,2,4,5,6,9,10,12,13,14,15,16,20,21,24,25/S1,2,3,5,7,9,11,13,16,17,25",53606005,33761966,16,11,chaotic,1,0.2,chaotic,-1,-1,7591,0.98201
62,"B0,2,4,5,6,9,10,12,13,14,15,16,20,21,24,25/S1,2,3,5,7,9,11,13,16,17,25",53606005,33761966,16,11,chaotic,2,0.35,chaotic,-1,-1,7667,0.981726
63,"B0,1,3,4,5,6,7,8,9,13,16,17,18,19,21,22,24,26/S2,3,6,8,10,11,13,16,19,23,24",91169787,25767244,18,11,chaotic,0,0.1,chaotic,-1,-1,6451,0.986214
63,"B0,1,3,4,5,6,7,8,9,13,16,17,18,19,21,22,24,26/S2,3,6,8,10,11,13,16,19,23,24",91169787,25767244,18,11,chaotic,1,0.2,chaotic,-1,-1,6378,0.986145
63,"B0,1,3,4,5,6,7,8,9,13,16,17,18,19,21,22,24,26/S2,3,6,8,10,11,13,16,19,23,24",91169787,25767244,18,11,chaotic,2,0.35,chaotic,-1,-1,6328,0.986394
64,"B1,2,3,4,6,9,15,16,17,20,22,26/S0,3,4,5,6,7,8,13,14,16,17,21,22,26",72581726,73622009,12,14,chaotic,0,0.1,chaotic,-1,-1,5104,0.94018
64,"B1,2,3,4,6,9,15,16,17,20,22,26/S0,3,4,5,6,7,8,13,14,16,17,21,22,26",72581726,73622009,12,14,chaotic,1,0.2,chaotic,-1,-1,5106,0.940514
64,"B1,2,3,4,6,9,15,16,17,20,22,26/S0,3,4,5,6,7,8,13,14,16,17,21,22,26",72581726,73622009,12,14,chaotic,2,0.35,chaotic,-1,-1,5050,0.940991
65,"B1,2,4,5,6,7,9,11,12,13,15,16,18,19,21,22,23,26/S0,2,5,6,7,8,9,10,11,14,15,16,17,19,20,21,23,24,25",82688758,62640101,18,19,chaotic,0,0.1,chaotic,-1,-1,10196,0.81978
65,"B1,2,4,5,6,7,9,11,12,13,15,16,18,19,21,22,23,26/S0,2,5,6,7,8,9,10,11,14,15,16,17,19,20,21,23,24,25",82688758,62640101,18,19,chaotic,1,0.2,chaotic,-1,-1,10259,0.820397
65,"B1,2,4,5,6,7,9,11,12,13,15,16,18,19,21,22,23,26/S0,2,5,6,7,8,9,10,11,14,15,16,17,19,20,21,23,24,25",82688758,62640101,18,19,chaotic,2,0.35,chaotic,-1,-1,10348,0.81828
66,"B0,1,2,4,5,6,9,10,12,14,19,21,23,25,26/S0,1,2,6,8,11,12,13,14,16,25",111695479,33651015,15,11,chaotic,0,0.1,chaotic,-1,-1,7070,0.988862
66,"B0,1,2,4,5,6,9,10,12,14,19,21,23,25,26/S0,1,2,6,8,11,12,13,14,16,25",111695479,33651015,15,11,chaotic,1,0.2,chaotic,-1,-1,7127,0.989103
66,"B0,1,2,4,5,6,9,10,12,14,19,21,23,25,26/S0,1,2,6,8,11,12,13,14,16,25",111695479,33651015,15,11,chaotic,2,0.35,chaotic,-1,-1,7115,0.988797
67,"B0,1,3,4,8,12,18,21,22,24,26/S1,2,3,4,5,6,10,11,12,13,14,15,16,17,22,24,25",90444059,54787198,11,17,chaotic,0,0.1,chaotic,-1,-1,7863,0.978881
67,"B0,1,3,4,8,12,18,21,22,24,26/S1,2,3,4,5,6,10,11,12,13,14,15,16,17,22,24,25",90444059,54787198,11,17,chaotic,1,0.2,chaotic,-1,-1,7822,0.979025
67,"B0,1,3,4,8,12,18,21,22,24,26/S1,2,3,4,5,6,10,11,12,13,14,15,16,17,22,24,25",90444059,54787198,11,17,chaotic,2,0.35,chaotic,-1,-1,7908,0.978933
68,"B0,2,4,7,8,9,10,12,16,18,19,20,21,24,25/S0,4,5,8,10,12,13,16,17,18,20,21,23,24,25",54335381,62338353,15,15,chaotic,0,0.1,chaotic,-1,-1,7004,0.991276
68,"B0,2,4,7,8,9,10,12,16,18,19,20,21,24,25/S0,4,5,8,10,12,13,16,17,18,20,21,23,24,25",54335381,62338353,15,15,chaotic,1,0.2,chaotic,-1,-1,7075,0.991433
68,"B0,2,4,7,8,9,10,12,16,18,19,20,21,24,25/S0,4,5,8,10,12,13,16,17,18,20,21,23,24,25",54335381,62338353,15,15,chaotic,2,0.35,chaotic,-1,-1,6988,0.991513
69,"B0,1,5,9,10,12,13,15,16,17,18,19,20,21,24,25,26/S4,7,9,11,13,15,16,18,19,20,23,24,25,26",121615907,127773328,17,14,chaotic,0,0.1,chaotic,-1,-1,9852,0.863044
69,"B0,1,5,9,10,12,13,15,16,17,18,19,20,21,24,25,26/S4,7,9,11,13,15,16,18,19,20,23,24,25,26",121615907,127773328,17,14,chaotic,1,0.2,chaotic,-1,-1,9795,0.862052
69,"B0,1,5,9,10,12,13,15,16,17,18,19,20,21,24,25,26/S4,7,9,11,13,15,16,18,19,20,23,24,25,26",121615907,127773328,17,14,chaotic,2,0.35,chaotic,-1,-1,9742,0.862249
70,"B1,2,3,4,5,9,13,15,16,17,18,19,21/S0,1,2,5,7,10,11,14,15,17,18,19,23,24,25",3121726,59690151,13,15,chaotic,0,0.1,chaotic,-1,-1,8521,0.947275
70,"B1,2,3,4,5,9,13,15,16,17,18,19,21/S0,1,2,5,7,10,11,14,15,17,18,19,23,24,25",3121726,59690151,13,15,chaotic,1,0.2,chaotic,-1,-1,8475,0.943826
70,"B1,2,3,4,5,9,13,15,16,17,18,19,21/S0,1,2,5,7,10,11,14,15,17,18,19,23,24,25",3121726,59690151,13,15,chaotic,2,0.35,chaotic,-1,-1,8613,0.946302
71,"B0,1,4,5,8,11,12,13,17,19,21,22,23/S0,1,2,3,4,5,9,14,15,17,18,24,26",15350067,84329023,13,13,chaotic,0,0.1,chaotic,-1,-1,5657,0.967367
71,"B0,1,4,5,8,11,12,13,17,19,21,22,23/S0,1,2,3,4,5,9,14,15,17,18,24,26",15350067,84329023,13,13,chaotic,1,0.2,chaotic,-1,-1,5645,0.966651
71,"B0,1,4,5,8,11,12,13,17,19,21,22,23/S0,1,2,3,4,5,9,14,15,17,18,24,26",15350067,84329023,13,13,chaotic,2,0.35,chaotic,-1,-1,5622,0.966817
72,"B0,1,2,3,5,8,9,10,13,14,19,25,26/S0,1,4,5,8,9,10,11,17,20,21,24,25",101213999,53612339,13,13,chaotic,0,0.1,chaotic,-1,-1,6041,0.966252
72,"B0,1,2,3,5,8,9,10,13,14,19,25,26/S0,1,4,5,8,9,10,11,17,20,21,24,25",101213999,53612339,13,13,chaotic,1,0.2,chaotic,-1,-1,6463,0.964441
72,"B0,1,2,3,5,8,9,10,13,14,19,25,26/S0,1,4,5,8,9,10,11,17,20,21,24,25",101213999,53612339,13,13,chaotic,2,0.35,chaotic,-1,-1,5981,0.965708
73,"B0,2,3,4,5,6,7,9,14,18,19,24,25/S1,3,6,8,11,13,16,17,19,20,22,25",51135229,39528778,13,12,chaotic,0,0.1,chaotic,-1,-1,5542,0.961637
73,"B0,2,3,4,5,6,7,9,14,18,19,24,25/S1,3,6,8,11,13,16,17,19,20,22,25",51135229,39528778,13,12,chaotic,1,0.2,chaotic,-1,-1,5710,0.961694
73,"B0,2,3,4,5,6,7,9,14,18,19,24,25/S1,3,6,8,11,13,16,17,19,20,22,25",51135229,39528778,13,12,chaotic,2,0.35,chaotic,-1,-1,5725,0.961542
74,"B2,3,4,5,6,7,9,10,11,13,14,16,17,19,20,22,23,24/S0,5,6,11,12,13,14,15,16,17,18,19,21,25",31158012,36698209,18,14,chaotic,0,0.1,chaotic,-1,-1,9718,0.875301
74,"B2,3,4,5,6,7,9,10,11,13,14,16,17,19,20,22,23,24/S0,5,6,11,12,13,14,15,16,17,18,19,21,25",31158012,36698209,18,14,chaotic,1,0.2,chaotic,-1,-1,9290,0.87621
74,"B2,3,4,5,6,7,9,10,11,13,14,16,17,19,20,22,23,24/S0,5,6,11,12,13,14,15,16,17,18,19,21,25",31158012,36698209,18,14,chaotic,2,0.35,chaotic,-1,-1,9634,0.876175
75,"B0,1,3,5,8,9,11,14,15,16,18,21,22,26/S1,4,5,6,9,10,12,14,16,17,20,21,24,26",73780011,87250546,14,14,chaotic,0,0.1,chaotic,-1,-1,7964,0.98063
75,"B0,1,3,5,8,9,11,14,15,16,18,21,22,26/S1,4,5,6,9,10,12,14,16,17,20,21,24,26",73780011,87250546,14,14,chaotic,1,0.2,chaotic,-1,-1,7755,0.981163
75,"B0,1,3,5,8,9,11,14,15,16,18,21,22,26/S1,4,5,6,9,10,12,14,16,17,20,21,24,26",73780011,87250546,14,14,chaotic,2,0.35,chaotic,-1,-1,7812,0.980885
76,"B2,4,7,9,11,16,17,19,20,21,25/S0,1,4,5,8,9,13,14,16,17,18,19,21,22,23,24,25",37423764,66020147,11,17,chaotic,0,0.1,chaotic,-1,-1,5652,0.966641
76,"B2,4,7,9,11,16,17,19,20,21,25/S0,1,4,5,8,9,13,14,16,17,18,19,21,22,23,24,25",37423764,66020147,11,17,chaotic,1,0.2,chaotic,-1,-1,5646,0.966777
76,"B2,4,7,9,11,16,17,19,20,21,25/S0,1,4,5,8,9,13,14,16,17,18,19,21,22,23,24,25",37423764,66020147,11,17,chaotic,2,0.35,chaotic,-1,-1,5684,0.966688
77,"B0,2,3,4,5,6,9,10,13,14,15,18,19,22,23,24,25/S0,2,3,4,5,8,9,11,13,14,19,25",63759997,34106173,17,12,chaotic,0,0.1,chaotic,-1,-1,6890,0.989911
77,"B0,2,3,4,5,6,9,10,13,14,15,18,19,22,23,24,25/S0,2,3,4,5,8,9,11,13,14,19,25",63759997,34106173,17,12,chaotic,1,0.2,chaotic,-1,-1,7031,0.990036
77,"B0,2,3,4,5,6,9,10,13,14,15,18,19,22,23,24,25/S0,2,3,4,5,8,9,11,13,14,19,25",63759997,34106173,17,12,chaotic,2,0.35,chaotic,-1,-1,7046,0.989734
78,"B0,3,4,7,9,11,12,13,15,16,20,26/S0,6,7,10,11,12,14,17,19,20,22,23,24",68270745,31087809,12,13,chaotic,0,0.1,chaotic,-1,-1,7672,0.980929
78,"B0,3,4,7,9,11,12,13,15,16,20,26/S0,6,7,10,11,12,14,17,19,20,22,23,24",68270745,31087809,12,13,chaotic,1,0.2,chaotic,-1,-1,7663,0.980419
78,"B0,3,4,7,9,11,12,13,15,16,20,26/S0,6,7,10,11,12,14,17,19,20,22,23,24",68270745,31087809,12,13,chaotic,2,0.35,chaotic,-1,-1,7787,0.98039
79,"B2,5,8,9,10,11,12,13,14,15,16,18,19,21,22,23,24,25,26/S0,1,2,5,6,9,10,13,14,15,16,19,21,25",133037860,36300391,19,14,chaotic,0,0.1,chaotic,-1,-1,10529,0.886068
79,"B2,5,8,9,10,11,12,13,14,15,16,18,19,21,22,23,24,25,26/S0,1,2,5,6,9,10,13,14,15,16,19,21,25",133037860,36300391,19,14,chaotic,1,0.2,chaotic,-1,-1,10516,0.889479
79,"B2,5,8,9,10,11,12,13,14,15,16,18,19,21,22,23,24,25,26/S0,1,2,5,6,9,10,13,14,15,16,19,21,25",133037860,36300391,19,14,chaotic,2,0.35,chaotic,-1,-1,6775,0.8878
80,"B0,6,8,9,10,11,12,13,14,16,20,21,22,25,26/S0,3,5,6,9,11,14,15,16,17,18,19,21,25",108101441,36686441,15,14,chaotic,0,0.1,chaotic,-1,-1,9494,0.894459
80,"B0,6,8,9,10,11,12,13,14,16,20,21,22,25,26/S0,3,5,6,9,11,14,15,16,17,18,19,21,25",108101441,36686441,15,14,chaotic,1,0.2,chaotic,-1,-1,9452,0.893144
80,"B0,6,8,9,10,11,12,13,14,16,20,21,22,25,26/S0,3,5,6,9,11,14,15,16,17,18,19,21,25",108101441,36686441,15,14,chaotic,2,0.35,chaotic,-1,-1,9486,0.893013
81,"B2,3,5,6,11,12,13,14,15,17,18,21/S2,3,4,5,6,7,8,11,12,14,15,16,17,18,19,21,22,23,24",2553964,32496124,12,19,chaotic,0,0.1,chaotic,-1,-1,9901,0.83839
81,"B2,3,5,6,11,12,13,14,15,17,18,21/S2,3,4,5,6,7,8,11,12,14,15,16,17,18,19,21,22,23,24",2553964,32496124,12,19,chaotic,1,0.2,chaotic,-1,-1,10007,0.838871
81,"B2,3,5,6,11,12,13,14,15,17,18,21/S2,3,4,5,6,7,8,11,12,14,15,16,17,18,19,21,22,23,24",2553964,32496124,12,19,chaotic,2,0.35,chaotic,-1,-1,10018,0.838349
82,"B0,1,2,3,5,7,8,10,12,14,18,20,21,23,25/S0,1,5,9,10,12,13,17,18,21,22,25",45372847,40252963,15,12,chaotic,0,0.1,chaotic,-1,-1,6597,0.989124
82,"B0,1,2,3,5,7,8,10,12,14,18,20,21,23,25/S0,1,5,9,10,12,13,17,18,21,22,25",45372847,40252963,15,12,chaotic,1,0.2,chaotic,-1,-1,6612,0.989393
82,"B0,1,2,3,5,7,8,10,12,14,18,20,21,23,25/S0,1,5,9,10,12,13,17,18,21,22,25",45372847,40252963,15,12,chaotic,2,0.35,chaotic,-1,-1,6712,0.988863
83,"B4,12,13,15,16,17,22,23,24,25,26/S0,1,2,3,5,6,8,10,12,15,22,24,25",130265104,54564207,11,13,chaotic,0,0.1,chaotic,-1,-1,3357,0.799161
83,"B4,12,13,15,16,17,22,23,24,25,26/S0,1,2,3,5,6,8,10,12,15,22,24,25",130265104,54564207,11,13,chaotic,1,0.2,chaotic,-1,-1,3463,0.798412
83,"B4,12,13,15,16,17,22,23,24,25,26/S0,1,2,3,5,6,8,10,12,15,22,24,25",130265104,54564207,11,13,chaotic,2,0.35,chaotic,-1,-1,3400,0.798748
84,"B2,3,4,5,8,10,11,12,17,18,19,23,24/S0,3,4,7,8,9,10,12,13,20,21,22,24,25,26",26090812,124794777,13,15,chaotic,0,0.1,chaotic,-1,-1,7223,0.966089
84,"B2,3,4,5,8,10,11,12,17,18,19,23,24/S0,3,4,7,8,9,10,12,13,20,21,22,24,25,26",26090812,124794777,13,15,chaotic,1,0.2,chaotic,-1,-1,7090,0.969086
84,"B2,3,4,5,8,10,11,12,17,18,19,23,24/S0,3,4,7,8,9,10,12,13,20,21,22,24,25,26",26090812,124794777,13,15,chaotic,2,0.35,chaotic,-1,-1,5649,0.967623
85,"B2,4,5,8,9,10,11,14,17,19,20,23/S3,4,5,6,7,17,20,21,22",10112820,7471352,12,9,chaotic,0,0.1,chaotic,-1,-1,4662,0.944129
85,"B2,4,5,8,9,10,11,14,17,19,20,23/S3,4,5,6,7,17,20,21,22",10112820,7471352,12,9,chaotic,1,0.2,chaotic,-1,-1,5182,0.94971
85,"B2,4,5,8,9,10,11,14,17,19,20,23/S3,4,5,6,7,17,20,21,22",10112820,7471352,12,9,chaotic,2,0.35,chaotic,-1,-1,4630,0.944406
86,"B7,8,9,11,13,17,18,19,21,22,24/S2,5,6,7,11,13,14,16,17,18,19,21,23,24,26",23997312,95381732,11,15,chaotic,0,0.1,chaotic,-1,-1,9141,0.910401
86,"B7,8,9,11,13,17,18,19,21,22,24/S2,5,6,7,11,13,14,16,17,18,19,21,23,24,26",23997312,95381732,11,15,chaotic,1,0.2,chaotic,-1,-1,9178,0.907945
86,"B7,8,9,11,13,17,18,19,21,22,24/S2,5,6,7,11,13,14,16,17,18,19,21,23,24,26",23997312,95381732,11,15,chaotic,2,0.35,chaotic,-1,-1,9134,0.909175
87,"B0,2,5,6,9,10,11,17,20,21,23,26/S2,3,5,6,7,8,11,15,17,20,21,22,23,24,25,26",78777957,133335532,12,16,chaotic,0,0.1,chaotic,-1,-1,5733,0.959698
87,"B0,2,5,6,9,10,11,17,20,21,23,26/S2,3,5,6,7,8,11,15,17,20,21,22,23,24,25,26",78777957,133335532,12,16,chaotic,1,0.2,chaotic,-1,-1,5014,0.953778
87,"B0,2,5,6,9,10,11,17,20,21,23,26/S2,3,5,6,7,8,11,15,17,20,21,22,23,24,25,26",78777957,133335532,12,16,chaotic,2,0.35,chaotic,-1,-1,5173,0.953049
88,"B2,7,10,12,13,15,16,18,19,20,22,24,26/S1,2,3,4,5,6,9,10,12,14,16,17,18,19,20,21,23",90027140,12539518,13,17,chaotic,0,0.1,chaotic,-1,-1,10005,0.819718
88,"B2,7,10,12,13,15,16,18,19,20,22,24,26/S1,2,3,4,5,6,9,10,12,14,16,17,18,19,20,21,23",90027140,12539518,13,17,chaotic,1,0.2,chaotic,-1,-1,9941,0.820527
88,"B2,7,10,12,13,15,16,18,19,20,22,24,26/S1,2,3,4,5,6,9,10,12,14,16,17,18,19,20,21,23",90027140,12539518,13,17,chaotic,2,0.35,chaotic,-1,-1,10076,0.819275
89,"B0,1,8,11,14,16,24/S1,3,4,5,9,10,11,15,17,23,24,25,26",16861443,125996602,7,13,chaotic,0,0.1,chaotic,-1,-1,2991,0.760708
89,"B0,1,8,11,14,16,24/S1,3,4,5,9,10,11,15,17,23,24,25,26",16861443,125996602,7,13,chaotic,1,0.2,chaotic,-1,-1,3185,0.763262
89,"B0,1,8,11,14,16,24/S1,3,4,5,9,10,11,15,17,23,24,25,26",16861443,125996602,7,13,chaotic,2,0.35,chaotic,-1,-1,3186,0.768314
90,"B0,1,2,3,5,7,9,12,13,14,19,20,21,23,24/S2,6,7,8,9,10,14,16,17,18,20,21,24",28865199,20400068,15,13,chaotic,0,0.1,chaotic,-1,-1,6854,0.99331
90,"B0,1,2,3,5,7,9,12,13,14,19,20,21,23,24/S2,6,7,8,9,10,14,16,17,18,20,21,24",28865199,20400068,15,13,chaotic,1,0.2,chaotic,-1,-1,6744,0.99342
90,"B0,1,2,3,5,7,9,12,13,14,19,20,21,23,24/S2,6,7,8,9,10,14,16,17,18,20,21,24",28865199,20400068,15,13,chaotic,2,0.35,chaotic,-1,-1,6831,0.993198
91,"B1,2,3,4,6,7,8,10,17,18,19,20,21,22,24,25/S1,2,3,5,6,7,8,10,14,15,16,18,22,24",58590686,21349870,16,14,chaotic,0,0.1,chaotic,-1,-1,6302,0.972318
91,"B1,2,3,4,6,7,8,10,17,18,19,20,21,22,24,25/S1,2,3,5,6,7,8,10,14,15,16,18,22,24",58590686,21349870,16,14,chaotic,1,0.2,chaotic,-1,-1,6039,0.972661
91,"B1,2,3,4,6,7,8,10,17,18,19,20,21,22,24,25/S1,2,3,5,6,7,8,10,14,15,16,18,22,24",58590686,21349870,16,14,chaotic,2,0.35,chaotic,-1,-1,6445,0.972859
92,"B1,2,3,5,8,10,14,16,23/S0,2,8,9,11,14,15,18,22,24,26",8471854,88394501,9,11,chaotic,0,0.1,chaotic,-1,-1,5464,0.965626
92,"B1,2,3,5,8,10,14,16,23/S0,2,8,9,11,14,15,18,22,24,26",8471854,88394501,9,11,chaotic,1,0.2,chaotic,-1,-1,5530,0.965483
92,"B1,2,3,5,8,10,14,16,23/S0,2,8,9,11,14,15,18,22,24,26",8471854,88394501,9,11,chaotic,2,0.35,chaotic,-1,-1,5539,0.965563
93,"B1,2,3,4,7,8,9,10,12,18,21,22,23/S1,6,7,9,10,11,13,18,22,24,25,26",14948254,121908930,13,12,chaotic,0,0.1,chaotic,-1,-1,3718,0.89192
93,"B1,2,3,4,7,8,9,10,12,18,21,22,23/S1,6,7,9,10,11,13,18,22,24,25,26",14948254,121908930,13,12,chaotic,1,0.2,chaotic,-1,-1,3724,0.889815
93,"B1,2,3,4,7,8,9,10,12,18,21,22,23/S1,6,7,9,10,11,13,18,22,24,25,26",14948254,121908930,13,12,chaotic,2,0.35,chaotic,-1,-1,3739,0.891056
94,"B1,3,4,6,8,9,11,12,13,14,15,16,20,21,22,26/S3,5,8,10,14,16,17,18,23,25,26",74578778,109528360,16,11,chaotic,0,0.1,chaotic,-1,-1,8330,0.966745
94,"B1,3,4,6,8,9,11,12,13,14,15,16,20,21,22,26/S3,5,8,10,14,16,17,18,23,25,26",74578778,109528360,16,11,chaotic,1,0.2,chaotic,-1,-1,8297,0.966998
94,"B1,3,4,6,8,9,11,12,13,14,15,16,20,21,22,26/S3,5,8,10,14,16,17,18,23,25,26",74578778,109528360,16,11,chaotic,2,0.35,chaotic,-1,-1,8132,0.96684
95,"B3,4,5,8,11,12,14,15,16,17,18,19,21,25/S1,7,8,9,10,11,12,13,14,17,18,20,22,25",36690232,39223170,14,14,chaotic,0,0.1,chaotic,-1,-1,9190,0.920164
95,"B3,4,5,8,11,12,14,15,16,17,18,19,21,25/S1,7,8,9,10,11,12,13,14,17,18,20,22,25",36690232,39223170,14,14,chaotic,1,0.2,chaotic,-1,-1,9041,0.920471
95,"B3,4,5,8,11,12,14,15,16,17,18,19,21,25/S1,7,8,9,10,11,12,13,14,17,18,20,22,25",36690232,39223170,14,14,chaotic,2,0.35,chaotic,-1,-1,9207,0.92006
96,"B0,1,3,4,5,6,7,8,9,10,12,17,18,19,21,23,24,25,26/S0,2,4,6,11,13,14,16,20,22,23,24,26",128849915,97609813,19,13,chaotic,0,0.1,chaotic,-1,-1,6407,0.987241
96,"B0,1,3,4,5,6,7,8,9,10,12,17,18,19,21,23,24,25,26/S0,2,4,6,11,13,14,16,20,22,23,24,26",128849915,97609813,19,13,chaotic,1,0.2,chaotic,-1,-1,6556,0.9871
96,"B0,1,3,4,5,6,7,8,9,10,12,17,18,19,21,23,24,25,26/S0,2,4,6,11,13,14,16,20,22,23,24,26",128849915,97609813,19,13,chaotic,2,0.35,chaotic,-1,-1,6545,0.986651
97,"B6,8,11,13,14,17,18,19,21,22,23,24,25,26/S0,1,6,8,10,11,13,14,16,17,21,22,24",133065024,23293251,14,13,chaotic,0,0.1,chaotic,-1,-1,8097,0.97371
97,"B6,8,11,13,14,17,18,19,21,22,23,24,25,26/S0,1,6,8,10,11,13,14,16,17,21,22,24",133065024,23293251,14,13,chaotic,1,0.2,chaotic,-1,-1,8098,0.973835
97,"B6,8,11,13,14,17,18,19,21,22,23,24,25,26/S0,1,6,8,10,11,13,14,16,17,21,22,24",133065024,23293251,14,13,chaotic,2,0.35,chaotic,-1,-1,8031,0.973665
98,"B1,6,8,9,10,11,13,15,17,20,24/S0,1,2,3,6,9,10,11,12,13,14,15,18,21,22",18001730,6618703,11,15,chaotic,0,0.1,chaotic,-1,-1,5686,0.899285
98,"B1,6,8,9,10,11,13,15,17,20,24/S0,1,2,3,6,9,10,11,12,13,14,15,18,21,22",18001730,6618703,11,15,chaotic,1,0.2,chaotic,-1,-1,10141,0.897803
98,"B1,6,8,9,10,11,13,15,17,20,24/S0,1,2,3,6,9,10,11,12,13,14,15,18,21,22",18001730,6618703,11,15,chaotic,2,0.35,chaotic,-1,-1,5660,0.898253
99,"B2,3,4,5,6,8,10,11,15,24,25,26/S3,8,9,11,15,17,18,19,24,25,26",117476732,118393608,12,11,chaotic,0,0.1,chaotic,-1,-1,6161,0.976194
99,"B2,3,4,5,6,8,10,11,15,24,25,26/S3,8,9,11,15,17,18,19,24,25,26",117476732,118393608,12,11,chaotic,1,0.2,chaotic,-1,-1,5934,0.976107
99,"B2,3,4,5,6,8,10,11,15,24,25,26/S3,8,9,11,15,17,18,19,24,25,26",117476732,118393608,12,11,chaotic,2,0.35,chaotic,-1,-1,6304,0.97639
100,"B2,3,4,5,7,8,10,11,13,19,20,25,26/S1,3,5,10,11,15,17,18,21,22,23,24,26",102247868,98995242,13,13,chaotic,0,0.1,chaotic,-1,-1,6059,0.980168
100,"B2,3,4,5,7,8,10,11,13,19,20,25,26/S1,3,5,10,11,15,17,18,21,22,23,24,26",102247868,98995242,13,13,chaotic,1,0.2,chaotic,-1,-1,6056,0.980166
100,"B2,3,4,5,7,8,10,11,13,19,20,25,26/S1,3,5,10,11,15,17,18,21,22,23,24,26",102247868,98995242,13,13,chaotic,2,0.35,chaotic,-1,-1,6161,0.980632
